id,vcpu,memory,ssd_storage,hdd_storage,gpu_units,platform,source
d2ads_v5,2.0,8,75.0,0.0,0,Dadsv5-Type1,"Vantage for instance specs (https://instances.vantage.sh/azure/), Azure docs for instance-host mapping, see README for details."
d4ads_v5,4.0,16,150.0,0.0,0,Dadsv5-Type1,"Vantage for instance specs (https://instances.vantage.sh/azure/), Azure docs for instance-host mapping, see README for details."
d8ads_v5,8.0,32,300.0,0.0,0,Dadsv5-Type1,"Vantage for instance specs (https://instances.vantage.sh/azure/), Azure docs for instance-host mapping, see README for details."
d16ads_v5,16.0,64,600.0,0.0,0,Dadsv5-Type1,"Vantage for instance specs (https://instances.vantage.sh/azure/), Azure docs for instance-host mapping, see README for details."
d32ads_v5,32.0,128,1200.0,0.0,0,Dadsv5-Type1,"Vantage for instance specs (https://instances.vantage.sh/azure/), Azure docs for instance-host mapping, see README for details."
d48ads_v5,48.0,192,1800.0,0.0,0,Dadsv5-Type1,"Vantage for instance specs (https://instances.vantage.sh/azure/), Azure docs for instance-host mapping, see README for details."
d64ads_v5,64.0,256,2400.0,0.0,0,Dadsv5-Type1,"Vantage for instance specs (https://instances.vantage.sh/azure/), Azure docs for instance-host mapping, see README for details."
d96ads_v5,96.0,384,3600.0,0.0,0,Dadsv5-Type1,"Vantage for instance specs (https://instances.vantage.sh/azure/), Azure docs for instance-host mapping, see README for details."
d2as_v4,2.0,8,16.0,0.0,0,Dasv4-Type2,"Vantage for instance specs (https://instances.vantage.sh/azure/), Azure docs for instance-host mapping, see README for details."
d4as_v4,4.0,16,32.0,0.0,0,Dasv4-Type2,"Vantage for instance specs (https://instances.vantage.sh/azure/), Azure docs for instance-host mapping, see README for details."
d8as_v4,8.0,32,64.0,0.0,0,Dasv4-Type2,"Vantage for instance specs (https://instances.vantage.sh/azure/), Azure docs for instance-host mapping, see README for details."
d16as_v4,16.0,64,128.0,0.0,0,Dasv4-Type2,"Vantage for instance specs (https://instances.vantage.sh/azure/), Azure docs for instance-host mapping, see README for details."
d32as_v4,32.0,128,256.0,0.0,0,Dasv4-Type2,"Vantage for instance specs (https://instances.vantage.sh/azure/), Azure docs for instance-host mapping, see README for details."
d48as_v4,48.0,192,384.0,0.0,0,Dasv4-Type2,"Vantage for instance specs (https://instances.vantage.sh/azure/), Azure docs for instance-host mapping, see README for details."
d64as_v4,64.0,256,512.0,0.0,0,Dasv4-Type2,"Vantage for instance specs (https://instances.vantage.sh/azure/), Azure docs for instance-host mapping, see README for details."
d96as_v4,96.0,384,768.0,0.0,0,Dasv4-Type2,"Vantage for instance specs (https://instances.vantage.sh/azure/), Azure docs for instance-host mapping, see README for details."
d2as_v4,2.0,8,16.0,0.0,0,Dasv4-Type1,"Vantage for instance specs (https://instances.vantage.sh/azure/), Azure docs for instance-host mapping, see README for details."
d4as_v4,4.0,16,32.0,0.0,0,Dasv4-Type1,"Vantage for instance specs (https://instances.vantage.sh/azure/), Azure docs for instance-host mapping, see README for details."
d8as_v4,8.0,32,64.0,0.0,0,Dasv4-Type1,"Vantage for instance specs (https://instances.vantage.sh/azure/), Azure docs for instance-host mapping, see README for details."
d16as_v4,16.0,64,128.0,0.0,0,Dasv4-Type1,"Vantage for instance specs (https://instances.vantage.sh/azure/), Azure docs for instance-host mapping, see README for details."
d32as_v4,32.0,128,256.0,0.0,0,Dasv4-Type1,"Vantage for instance specs (https://instances.vantage.sh/azure/), Azure docs for instance-host mapping, see README for details."
d48as_v4,48.0,192,384.0,0.0,0,Dasv4-Type1,"Vantage for instance specs (https://instances.vantage.sh/azure/), Azure docs for instance-host mapping, see README for details."
d64as_v4,64.0,256,512.0,0.0,0,Dasv4-Type1,"Vantage for instance specs (https://instances.vantage.sh/azure/), Azure docs for instance-host mapping, see README for details."
d96as_v4,96.0,384,768.0,0.0,0,Dasv4-Type1,"Vantage for instance specs (https://instances.vantage.sh/azure/), Azure docs for instance-host mapping, see README for details."
d2as_v5,2.0,8,0.0,0.0,0,Dasv5-Type1,"Vantage for instance specs (https://instances.vantage.sh/azure/), Azure docs for instance-host mapping, see README for details."
d4as_v5,4.0,16,0.0,0.0,0,Dasv5-Type1,"Vantage for instance specs (https://instances.vantage.sh/azure/), Azure docs for instance-host mapping, see README for details."
d8as_v5,8.0,32,0.0,0.0,0,Dasv5-Type1,"Vantage for instance specs (https://instances.vantage.sh/azure/), Azure docs for instance-host mapping, see README for details."
d16as_v5,16.0,64,0.0,0.0,0,Dasv5-Type1,"Vantage for instance specs (https://instances.vantage.sh/azure/), Azure docs for instance-host mapping, see README for details."
d32as_v5,32.0,128,0.0,0.0,0,Dasv5-Type1,"Vantage for instance specs (https://instances.vantage.sh/azure/), Azure docs for instance-host mapping, see README for details."
d48as_v5,48.0,192,0.0,0.0,0,Dasv5-Type1,"Vantage for instance specs (https://instances.vantage.sh/azure/), Azure docs for instance-host mapping, see README for details."
d64as_v5,64.0,256,0.0,0.0,0,Dasv5-Type1,"Vantage for instance specs (https://instances.vantage.sh/azure/), Azure docs for instance-host mapping, see README for details."
d96as_v5,96.0,384,0.0,0.0,0,Dasv5-Type1,"Vantage for instance specs (https://instances.vantage.sh/azure/), Azure docs for instance-host mapping, see README for details."
dc8_v2,8.0,32,400.0,0.0,0,DCsv2-Type1,"Vantage for instance specs (https://instances.vantage.sh/azure/), Azure docs for instance-host mapping, see README for details."
dc2ads_v5,2.0,8,75.0,0.0,0,DCadsv5-Type1,"Vantage for instance specs (https://instances.vantage.sh/azure/), Azure docs for instance-host mapping, see README for details."
dc4ads_v5,4.0,16,150.0,0.0,0,DCadsv5-Type1,"Vantage for instance specs (https://instances.vantage.sh/azure/), Azure docs for instance-host mapping, see README for details."
dc8ads_v5,8.0,32,300.0,0.0,0,DCadsv5-Type1,"Vantage for instance specs (https://instances.vantage.sh/azure/), Azure docs for instance-host mapping, see README for details."
dc16ads_v5,16.0,64,600.0,0.0,0,DCadsv5-Type1,"Vantage for instance specs (https://instances.vantage.sh/azure/), Azure docs for instance-host mapping, see README for details."
dc32ads_v5,32.0,128,1200.0,0.0,0,DCadsv5-Type1,"Vantage for instance specs (https://instances.vantage.sh/azure/), Azure docs for instance-host mapping, see README for details."
dc48ads_v5,48.0,192,1800.0,0.0,0,DCadsv5-Type1,"Vantage for instance specs (https://instances.vantage.sh/azure/), Azure docs for instance-host mapping, see README for details."
dc64ads_v5,64.0,256,2400.0,0.0,0,DCadsv5-Type1,"Vantage for instance specs (https://instances.vantage.sh/azure/), Azure docs for instance-host mapping, see README for details."
dc96ads_v5,96.0,384,3600.0,0.0,0,DCadsv5-Type1,"Vantage for instance specs (https://instances.vantage.sh/azure/), Azure docs for instance-host mapping, see README for details."
dc2as_v5,2.0,8,0.0,0.0,0,DCasv5-Type1,"Vantage for instance specs (https://instances.vantage.sh/azure/), Azure docs for instance-host mapping, see README for details."
dc4as_v5,4.0,16,0.0,0.0,0,DCasv5-Type1,"Vantage for instance specs (https://instances.vantage.sh/azure/), Azure docs for instance-host mapping, see README for details."
dc8as_v5,8.0,32,0.0,0.0,0,DCasv5-Type1,"Vantage for instance specs (https://instances.vantage.sh/azure/), Azure docs for instance-host mapping, see README for details."
dc16as_v5,16.0,64,0.0,0.0,0,DCasv5-Type1,"Vantage for instance specs (https://instances.vantage.sh/azure/), Azure docs for instance-host mapping, see README for details."
dc32as_v5,32.0,128,0.0,0.0,0,DCasv5-Type1,"Vantage for instance specs (https://instances.vantage.sh/azure/), Azure docs for instance-host mapping, see README for details."
dc48as_v5,48.0,192,0.0,0.0,0,DCasv5-Type1,"Vantage for instance specs (https://instances.vantage.sh/azure/), Azure docs for instance-host mapping, see README for details."
dc64as_v5,64.0,256,0.0,0.0,0,DCasv5-Type1,"Vantage for instance specs (https://instances.vantage.sh/azure/), Azure docs for instance-host mapping, see README for details."
dc96as_v5,96.0,384,0.0,0.0,0,DCasv5-Type1,"Vantage for instance specs (https://instances.vantage.sh/azure/), Azure docs for instance-host mapping, see README for details."
dc16ds_v3,16.0,128,1200.0,0.0,0,DCdsv3-Type1,"Vantage for instance specs (https://instances.vantage.sh/azure/), Azure docs for instance-host mapping, see README for details."
dc24ds_v3,24.0,192,1800.0,0.0,0,DCdsv3-Type1,"Vantage for instance specs (https://instances.vantage.sh/azure/), Azure docs for instance-host mapping, see README for details."
dc32ds_v3,32.0,256,2400.0,0.0,0,DCdsv3-Type1,"Vantage for instance specs (https://instances.vantage.sh/azure/), Azure docs for instance-host mapping, see README for details."
dc48ds_v3,48.0,384,2400.0,0.0,0,DCdsv3-Type1,"Vantage for instance specs (https://instances.vantage.sh/azure/), Azure docs for instance-host mapping, see README for details."
dc1s_v3,1.0,8,0.0,0.0,0,DCsv3-Type1,"Vantage for instance specs (https://instances.vantage.sh/azure/), Azure docs for instance-host mapping, see README for details."
dc2s_v3,2.0,16,0.0,0.0,0,DCsv3-Type1,"Vantage for instance specs (https://instances.vantage.sh/azure/), Azure docs for instance-host mapping, see README for details."
dc4s_v3,4.0,32,0.0,0.0,0,DCsv3-Type1,"Vantage for instance specs (https://instances.vantage.sh/azure/), Azure docs for instance-host mapping, see README for details."
dc8s_v3,8.0,64,0.0,0.0,0,DCsv3-Type1,"Vantage for instance specs (https://instances.vantage.sh/azure/), Azure docs for instance-host mapping, see README for details."
dc16s_v3,16.0,128,0.0,0.0,0,DCsv3-Type1,"Vantage for instance specs (https://instances.vantage.sh/azure/), Azure docs for instance-host mapping, see README for details."
dc24s_v3,24.0,192,0.0,0.0,0,DCsv3-Type1,"Vantage for instance specs (https://instances.vantage.sh/azure/), Azure docs for instance-host mapping, see README for details."
d2ds_v4,2.0,8,75.0,0.0,0,Ddsv4-Type2,"Vantage for instance specs (https://instances.vantage.sh/azure/), Azure docs for instance-host mapping, see README for details."
d4ds_v4,4.0,16,150.0,0.0,0,Ddsv4-Type2,"Vantage for instance specs (https://instances.vantage.sh/azure/), Azure docs for instance-host mapping, see README for details."
d8ds_v4,8.0,32,300.0,0.0,0,Ddsv4-Type2,"Vantage for instance specs (https://instances.vantage.sh/azure/), Azure docs for instance-host mapping, see README for details."
d16ds_v4,16.0,64,600.0,0.0,0,Ddsv4-Type2,"Vantage for instance specs (https://instances.vantage.sh/azure/), Azure docs for instance-host mapping, see README for details."
d32ds_v4,32.0,128,1200.0,0.0,0,Ddsv4-Type2,"Vantage for instance specs (https://instances.vantage.sh/azure/), Azure docs for instance-host mapping, see README for details."
d48ds_v4,48.0,192,1800.0,0.0,0,Ddsv4-Type2,"Vantage for instance specs (https://instances.vantage.sh/azure/), Azure docs for instance-host mapping, see README for details."
d64ds_v4,64.0,256,2400.0,0.0,0,Ddsv4-Type2,"Vantage for instance specs (https://instances.vantage.sh/azure/), Azure docs for instance-host mapping, see README for details."
e2bds_v5,2.0,16,75.0,0.0,0,Ebdsv5-Type1,"Vantage for instance specs (https://instances.vantage.sh/azure/), Azure docs for instance-host mapping, see README for details."
e4bds_v5,4.0,32,150.0,0.0,0,Ebdsv5-Type1,"Vantage for instance specs (https://instances.vantage.sh/azure/), Azure docs for instance-host mapping, see README for details."
e8bds_v5,8.0,64,300.0,0.0,0,Ebdsv5-Type1,"Vantage for instance specs (https://instances.vantage.sh/azure/), Azure docs for instance-host mapping, see README for details."
e16bds_v5,16.0,128,600.0,0.0,0,Ebdsv5-Type1,"Vantage for instance specs (https://instances.vantage.sh/azure/), Azure docs for instance-host mapping, see README for details."
e32bds_v5,32.0,256,1200.0,0.0,0,Ebdsv5-Type1,"Vantage for instance specs (https://instances.vantage.sh/azure/), Azure docs for instance-host mapping, see README for details."
e48bds_v5,48.0,384,1800.0,0.0,0,Ebdsv5-Type1,"Vantage for instance specs (https://instances.vantage.sh/azure/), Azure docs for instance-host mapping, see README for details."
e64bds_v5,64.0,512,2400.0,0.0,0,Ebdsv5-Type1,"Vantage for instance specs (https://instances.vantage.sh/azure/), Azure docs for instance-host mapping, see README for details."
e2bs_v5,2.0,16,0.0,0.0,0,Ebsv5-Type1,"Vantage for instance specs (https://instances.vantage.sh/azure/), Azure docs for instance-host mapping, see README for details."
e4bs_v5,4.0,32,0.0,0.0,0,Ebsv5-Type1,"Vantage for instance specs (https://instances.vantage.sh/azure/), Azure docs for instance-host mapping, see README for details."
e8bs_v5,8.0,64,0.0,0.0,0,Ebsv5-Type1,"Vantage for instance specs (https://instances.vantage.sh/azure/), Azure docs for instance-host mapping, see README for details."
e16bs_v5,16.0,128,0.0,0.0,0,Ebsv5-Type1,"Vantage for instance specs (https://instances.vantage.sh/azure/), Azure docs for instance-host mapping, see README for details."
e32bs_v5,32.0,256,0.0,0.0,0,Ebsv5-Type1,"Vantage for instance specs (https://instances.vantage.sh/azure/), Azure docs for instance-host mapping, see README for details."
e48bs_v5,48.0,384,0.0,0.0,0,Ebsv5-Type1,"Vantage for instance specs (https://instances.vantage.sh/azure/), Azure docs for instance-host mapping, see README for details."
e64bs_v5,64.0,512,0.0,0.0,0,Ebsv5-Type1,"Vantage for instance specs (https://instances.vantage.sh/azure/), Azure docs for instance-host mapping, see README for details."
ec2ads_v5,2.0,16,75.0,0.0,0,ECadsv5-Type1,"Vantage for instance specs (https://instances.vantage.sh/azure/), Azure docs for instance-host mapping, see README for details."
ec4ads_v5,4.0,32,150.0,0.0,0,ECadsv5-Type1,"Vantage for instance specs (https://instances.vantage.sh/azure/), Azure docs for instance-host mapping, see README for details."
ec8ads_v5,8.0,64,300.0,0.0,0,ECadsv5-Type1,"Vantage for instance specs (https://instances.vantage.sh/azure/), Azure docs for instance-host mapping, see README for details."
ec16ads_v5,16.0,128,600.0,0.0,0,ECadsv5-Type1,"Vantage for instance specs (https://instances.vantage.sh/azure/), Azure docs for instance-host mapping, see README for details."
ec20ads_v5,20.0,160,750.0,0.0,0,ECadsv5-Type1,"Vantage for instance specs (https://instances.vantage.sh/azure/), Azure docs for instance-host mapping, see README for details."
ec32ads_v5,32.0,192,1200.0,0.0,0,ECadsv5-Type1,"Vantage for instance specs (https://instances.vantage.sh/azure/), Azure docs for instance-host mapping, see README for details."
ec48ads_v5,48.0,384,1800.0,0.0,0,ECadsv5-Type1,"Vantage for instance specs (https://instances.vantage.sh/azure/), Azure docs for instance-host mapping, see README for details."
ec64ads_v5,64.0,512,2400.0,0.0,0,ECadsv5-Type1,"Vantage for instance specs (https://instances.vantage.sh/azure/), Azure docs for instance-host mapping, see README for details."
ec96ads_v5,96.0,672,2400.0,0.0,0,ECadsv5-Type1,"Vantage for instance specs (https://instances.vantage.sh/azure/), Azure docs for instance-host mapping, see README for details."
ec2as_v5,2.0,16,0.0,0.0,0,ECasv5-Type1,"Vantage for instance specs (https://instances.vantage.sh/azure/), Azure docs for instance-host mapping, see README for details."
ec4as_v5,4.0,32,0.0,0.0,0,ECasv5-Type1,"Vantage for instance specs (https://instances.vantage.sh/azure/), Azure docs for instance-host mapping, see README for details."
ec8as_v5,8.0,64,0.0,0.0,0,ECasv5-Type1,"Vantage for instance specs (https://instances.vantage.sh/azure/), Azure docs for instance-host mapping, see README for details."
ec16as_v5,16.0,128,0.0,0.0,0,ECasv5-Type1,"Vantage for instance specs (https://instances.vantage.sh/azure/), Azure docs for instance-host mapping, see README for details."
ec20as_v5,20.0,160,0.0,0.0,0,ECasv5-Type1,"Vantage for instance specs (https://instances.vantage.sh/azure/), Azure docs for instance-host mapping, see README for details."
ec32as_v5,32.0,192,0.0,0.0,0,ECasv5-Type1,"Vantage for instance specs (https://instances.vantage.sh/azure/), Azure docs for instance-host mapping, see README for details."
ec48as_v5,48.0,384,0.0,0.0,0,ECasv5-Type1,"Vantage for instance specs (https://instances.vantage.sh/azure/), Azure docs for instance-host mapping, see README for details."
ec64as_v5,64.0,512,0.0,0.0,0,ECasv5-Type1,"Vantage for instance specs (https://instances.vantage.sh/azure/), Azure docs for instance-host mapping, see README for details."
ec96as_v5,96.0,672,0.0,0.0,0,ECasv5-Type1,"Vantage for instance specs (https://instances.vantage.sh/azure/), Azure docs for instance-host mapping, see README for details."
standard_b1ls,1.0,0.5,4.0,0.0,0,Ddsv4-Type1,"Vantage for instance specs (https://instances.vantage.sh/azure/), Azure docs for instance-host mapping, see README for details."
standard_b1ls,1.0,0.5,4.0,0.0,0,Ddsv4-Type1,"Vantage for instance specs (https://instances.vantage.sh/azure/), Azure docs for instance-host mapping, see README for details."
standard_b1ls,1.0,0.5,4.0,0.0,0,Ddsv4-Type1,"Vantage for instance specs (https://instances.vantage.sh/azure/), Azure docs for instance-host mapping, see README for details."
standard_b1ls,1.0,0.5,4.0,0.0,0,Ddsv4-Type1,"Vantage for instance specs (https://instances.vantage.sh/azure/), Azure docs for instance-host mapping, see README for details."
standard_b1ls,1.0,0.5,4.0,0.0,0,Ddsv4-Type1,"Vantage for instance specs (https://instances.vantage.sh/azure/), Azure docs for instance-host mapping, see README for details."
standard_b1ls,1.0,0.5,4.0,0.0,0,Ddsv4-Type1,"Vantage for instance specs (https://instances.vantage.sh/azure/), Azure docs for instance-host mapping, see README for details."
standard_b1ls,1.0,0.5,4.0,0.0,0,Ddsv4-Type1,"Vantage for instance specs (https://instances.vantage.sh/azure/), Azure docs for instance-host mapping, see README for details."
d2ds_v4,2.0,8,75.0,0.0,0,Ddsv4-Type1,"Vantage for instance specs (https://instances.vantage.sh/azure/), Azure docs for instance-host mapping, see README for details."
d4ds_v4,4.0,16,150.0,0.0,0,Ddsv4-Type1,"Vantage for instance specs (https://instances.vantage.sh/azure/), Azure docs for instance-host mapping, see README for details."
d8ds_v4,8.0,32,300.0,0.0,0,Ddsv4-Type1,"Vantage for instance specs (https://instances.vantage.sh/azure/), Azure docs for instance-host mapping, see README for details."
d16ds_v4,16.0,64,600.0,0.0,0,Ddsv4-Type1,"Vantage for instance specs (https://instances.vantage.sh/azure/), Azure docs for instance-host mapping, see README for details."
d32ds_v4,32.0,128,1200.0,0.0,0,Ddsv4-Type1,"Vantage for instance specs (https://instances.vantage.sh/azure/), Azure docs for instance-host mapping, see README for details."
d48ds_v4,48.0,192,1800.0,0.0,0,Ddsv4-Type1,"Vantage for instance specs (https://instances.vantage.sh/azure/), Azure docs for instance-host mapping, see README for details."
d64ds_v4,64.0,256,2400.0,0.0,0,Ddsv4-Type1,"Vantage for instance specs (https://instances.vantage.sh/azure/), Azure docs for instance-host mapping, see README for details."
d2ds_v5,2.0,8,75.0,0.0,0,Ddsv5-Type1,"Vantage for instance specs (https://instances.vantage.sh/azure/), Azure docs for instance-host mapping, see README for details."
d4ds_v5,4.0,16,150.0,0.0,0,Ddsv5-Type1,"Vantage for instance specs (https://instances.vantage.sh/azure/), Azure docs for instance-host mapping, see README for details."
d8ds_v5,8.0,32,300.0,0.0,0,Ddsv5-Type1,"Vantage for instance specs (https://instances.vantage.sh/azure/), Azure docs for instance-host mapping, see README for details."
d16ds_v5,16.0,64,600.0,0.0,0,Ddsv5-Type1,"Vantage for instance specs (https://instances.vantage.sh/azure/), Azure docs for instance-host mapping, see README for details."
d32ds_v5,32.0,128,1200.0,0.0,0,Ddsv5-Type1,"Vantage for instance specs (https://instances.vantage.sh/azure/), Azure docs for instance-host mapping, see README for details."
d48ds_v5,48.0,192,1800.0,0.0,0,Ddsv5-Type1,"Vantage for instance specs (https://instances.vantage.sh/azure/), Azure docs for instance-host mapping, see README for details."
d64ds_v5,64.0,256,2400.0,0.0,0,Ddsv5-Type1,"Vantage for instance specs (https://instances.vantage.sh/azure/), Azure docs for instance-host mapping, see README for details."
d96ds_v5,96.0,384,3600.0,0.0,0,Ddsv5-Type1,"Vantage for instance specs (https://instances.vantage.sh/azure/), Azure docs for instance-host mapping, see README for details."
d2s_v3,2.0,8,16.0,0.0,0,Dsv3-Type4,"Vantage for instance specs (https://instances.vantage.sh/azure/), Azure docs for instance-host mapping, see README for details."
d4s_v3,4.0,16,32.0,0.0,0,Dsv3-Type4,"Vantage for instance specs (https://instances.vantage.sh/azure/), Azure docs for instance-host mapping, see README for details."
d8s_v3,8.0,32,64.0,0.0,0,Dsv3-Type4,"Vantage for instance specs (https://instances.vantage.sh/azure/), Azure docs for instance-host mapping, see README for details."
d16s_v3,16.0,64,128.0,0.0,0,Dsv3-Type4,"Vantage for instance specs (https://instances.vantage.sh/azure/), Azure docs for instance-host mapping, see README for details."
d32s_v3,32.0,128,256.0,0.0,0,Dsv3-Type4,"Vantage for instance specs (https://instances.vantage.sh/azure/), Azure docs for instance-host mapping, see README for details."
d48s_v3,48.0,192,384.0,0.0,0,Dsv3-Type4,"Vantage for instance specs (https://instances.vantage.sh/azure/), Azure docs for instance-host mapping, see README for details."
d64s_v3,64.0,256,512.0,0.0,0,Dsv3-Type4,"Vantage for instance specs (https://instances.vantage.sh/azure/), Azure docs for instance-host mapping, see README for details."
d2s_v3,2.0,8,16.0,0.0,0,Dsv3-Type3,"Vantage for instance specs (https://instances.vantage.sh/azure/), Azure docs for instance-host mapping, see README for details."
d4s_v3,4.0,16,32.0,0.0,0,Dsv3-Type3,"Vantage for instance specs (https://instances.vantage.sh/azure/), Azure docs for instance-host mapping, see README for details."
d8s_v3,8.0,32,64.0,0.0,0,Dsv3-Type3,"Vantage for instance specs (https://instances.vantage.sh/azure/), Azure docs for instance-host mapping, see README for details."
d16s_v3,16.0,64,128.0,0.0,0,Dsv3-Type3,"Vantage for instance specs (https://instances.vantage.sh/azure/), Azure docs for instance-host mapping, see README for details."
d32s_v3,32.0,128,256.0,0.0,0,Dsv3-Type3,"Vantage for instance specs (https://instances.vantage.sh/azure/), Azure docs for instance-host mapping, see README for details."
d48s_v3,48.0,192,384.0,0.0,0,Dsv3-Type3,"Vantage for instance specs (https://instances.vantage.sh/azure/), Azure docs for instance-host mapping, see README for details."
d64s_v3,64.0,256,512.0,0.0,0,Dsv3-Type3,"Vantage for instance specs (https://instances.vantage.sh/azure/), Azure docs for instance-host mapping, see README for details."
d2s_v4,2.0,8,0.0,0.0,0,Dsv4-Type2,"Vantage for instance specs (https://instances.vantage.sh/azure/), Azure docs for instance-host mapping, see README for details."
d4s_v4,4.0,16,0.0,0.0,0,Dsv4-Type2,"Vantage for instance specs (https://instances.vantage.sh/azure/), Azure docs for instance-host mapping, see README for details."
d8s_v4,8.0,32,0.0,0.0,0,Dsv4-Type2,"Vantage for instance specs (https://instances.vantage.sh/azure/), Azure docs for instance-host mapping, see README for details."
d16s_v4,16.0,64,0.0,0.0,0,Dsv4-Type2,"Vantage for instance specs (https://instances.vantage.sh/azure/), Azure docs for instance-host mapping, see README for details."
d32s_v4,32.0,128,0.0,0.0,0,Dsv4-Type2,"Vantage for instance specs (https://instances.vantage.sh/azure/), Azure docs for instance-host mapping, see README for details."
d48s_v4,48.0,192,0.0,0.0,0,Dsv4-Type2,"Vantage for instance specs (https://instances.vantage.sh/azure/), Azure docs for instance-host mapping, see README for details."
d64s_v4,64.0,256,0.0,0.0,0,Dsv4-Type2,"Vantage for instance specs (https://instances.vantage.sh/azure/), Azure docs for instance-host mapping, see README for details."
d2s_v4,2.0,8,0.0,0.0,0,Dsv4-Type1,"Vantage for instance specs (https://instances.vantage.sh/azure/), Azure docs for instance-host mapping, see README for details."
d4s_v4,4.0,16,0.0,0.0,0,Dsv4-Type1,"Vantage for instance specs (https://instances.vantage.sh/azure/), Azure docs for instance-host mapping, see README for details."
d8s_v4,8.0,32,0.0,0.0,0,Dsv4-Type1,"Vantage for instance specs (https://instances.vantage.sh/azure/), Azure docs for instance-host mapping, see README for details."
d16s_v4,16.0,64,0.0,0.0,0,Dsv4-Type1,"Vantage for instance specs (https://instances.vantage.sh/azure/), Azure docs for instance-host mapping, see README for details."
d32s_v4,32.0,128,0.0,0.0,0,Dsv4-Type1,"Vantage for instance specs (https://instances.vantage.sh/azure/), Azure docs for instance-host mapping, see README for details."
d48s_v4,48.0,192,0.0,0.0,0,Dsv4-Type1,"Vantage for instance specs (https://instances.vantage.sh/azure/), Azure docs for instance-host mapping, see README for details."
d64s_v4,64.0,256,0.0,0.0,0,Dsv4-Type1,"Vantage for instance specs (https://instances.vantage.sh/azure/), Azure docs for instance-host mapping, see README for details."
d2s_v5,2.0,8,0.0,0.0,0,Dsv5-Type1,"Vantage for instance specs (https://instances.vantage.sh/azure/), Azure docs for instance-host mapping, see README for details."
d4s_v5,4.0,16,0.0,0.0,0,Dsv5-Type1,"Vantage for instance specs (https://instances.vantage.sh/azure/), Azure docs for instance-host mapping, see README for details."
d8s_v5,8.0,32,0.0,0.0,0,Dsv5-Type1,"Vantage for instance specs (https://instances.vantage.sh/azure/), Azure docs for instance-host mapping, see README for details."
d16s_v5,16.0,64,0.0,0.0,0,Dsv5-Type1,"Vantage for instance specs (https://instances.vantage.sh/azure/), Azure docs for instance-host mapping, see README for details."
d32s_v5,32.0,128,0.0,0.0,0,Dsv5-Type1,"Vantage for instance specs (https://instances.vantage.sh/azure/), Azure docs for instance-host mapping, see README for details."
d48s_v5,48.0,192,0.0,0.0,0,Dsv5-Type1,"Vantage for instance specs (https://instances.vantage.sh/azure/), Azure docs for instance-host mapping, see README for details."
d64s_v5,64.0,256,0.0,0.0,0,Dsv5-Type1,"Vantage for instance specs (https://instances.vantage.sh/azure/), Azure docs for instance-host mapping, see README for details."
d96s_v5,96.0,384,0.0,0.0,0,Dsv5-Type1,"Vantage for instance specs (https://instances.vantage.sh/azure/), Azure docs for instance-host mapping, see README for details."
e2ads_v5,2.0,16,75.0,0.0,0,Eadsv5-Type1,"Vantage for instance specs (https://instances.vantage.sh/azure/), Azure docs for instance-host mapping, see README for details."
e4ads_v5,4.0,32,150.0,0.0,0,Eadsv5-Type1,"Vantage for instance specs (https://instances.vantage.sh/azure/), Azure docs for instance-host mapping, see README for details."
e8ads_v5,8.0,64,300.0,0.0,0,Eadsv5-Type1,"Vantage for instance specs (https://instances.vantage.sh/azure/), Azure docs for instance-host mapping, see README for details."
e16ads_v5,16.0,128,600.0,0.0,0,Eadsv5-Type1,"Vantage for instance specs (https://instances.vantage.sh/azure/), Azure docs for instance-host mapping, see README for details."
e20ads_v5,20.0,160,750.0,0.0,0,Eadsv5-Type1,"Vantage for instance specs (https://instances.vantage.sh/azure/), Azure docs for instance-host mapping, see README for details."
e32ads_v5,32.0,256,1200.0,0.0,0,Eadsv5-Type1,"Vantage for instance specs (https://instances.vantage.sh/azure/), Azure docs for instance-host mapping, see README for details."
e48ads_v5,48.0,384,1800.0,0.0,0,Eadsv5-Type1,"Vantage for instance specs (https://instances.vantage.sh/azure/), Azure docs for instance-host mapping, see README for details."
e64ads_v5,64.0,512,2400.0,0.0,0,Eadsv5-Type1,"Vantage for instance specs (https://instances.vantage.sh/azure/), Azure docs for instance-host mapping, see README for details."
e96ads_v5,96.0,672,3600.0,0.0,0,Eadsv5-Type1,"Vantage for instance specs (https://instances.vantage.sh/azure/), Azure docs for instance-host mapping, see README for details."
e2as_v4,2.0,16,32.0,0.0,0,Easv4-Type2,"Vantage for instance specs (https://instances.vantage.sh/azure/), Azure docs for instance-host mapping, see README for details."
e4as_v4,4.0,32,64.0,0.0,0,Easv4-Type2,"Vantage for instance specs (https://instances.vantage.sh/azure/), Azure docs for instance-host mapping, see README for details."
e8as_v4,8.0,64,128.0,0.0,0,Easv4-Type2,"Vantage for instance specs (https://instances.vantage.sh/azure/), Azure docs for instance-host mapping, see README for details."
e16as_v4,16.0,128,256.0,0.0,0,Easv4-Type2,"Vantage for instance specs (https://instances.vantage.sh/azure/), Azure docs for instance-host mapping, see README for details."
e20as_v4,20.0,160,320.0,0.0,0,Easv4-Type2,"Vantage for instance specs (https://instances.vantage.sh/azure/), Azure docs for instance-host mapping, see README for details."
e32as_v4,32.0,256,512.0,0.0,0,Easv4-Type2,"Vantage for instance specs (https://instances.vantage.sh/azure/), Azure docs for instance-host mapping, see README for details."
e48as_v4,48.0,384,768.0,0.0,0,Easv4-Type2,"Vantage for instance specs (https://instances.vantage.sh/azure/), Azure docs for instance-host mapping, see README for details."
e64as_v4,64.0,512,1024.0,0.0,0,Easv4-Type2,"Vantage for instance specs (https://instances.vantage.sh/azure/), Azure docs for instance-host mapping, see README for details."
e96as_v4,96.0,672,1344.0,0.0,0,Easv4-Type2,"Vantage for instance specs (https://instances.vantage.sh/azure/), Azure docs for instance-host mapping, see README for details."
e2as_v4,2.0,16,32.0,0.0,0,Easv4-Type1,"Vantage for instance specs (https://instances.vantage.sh/azure/), Azure docs for instance-host mapping, see README for details."
e4as_v4,4.0,32,64.0,0.0,0,Easv4-Type1,"Vantage for instance specs (https://instances.vantage.sh/azure/), Azure docs for instance-host mapping, see README for details."
e8as_v4,8.0,64,128.0,0.0,0,Easv4-Type1,"Vantage for instance specs (https://instances.vantage.sh/azure/), Azure docs for instance-host mapping, see README for details."
e16as_v4,16.0,128,256.0,0.0,0,Easv4-Type1,"Vantage for instance specs (https://instances.vantage.sh/azure/), Azure docs for instance-host mapping, see README for details."
e20as_v4,20.0,160,320.0,0.0,0,Easv4-Type1,"Vantage for instance specs (https://instances.vantage.sh/azure/), Azure docs for instance-host mapping, see README for details."
e32as_v4,32.0,256,512.0,0.0,0,Easv4-Type1,"Vantage for instance specs (https://instances.vantage.sh/azure/), Azure docs for instance-host mapping, see README for details."
e48as_v4,48.0,384,768.0,0.0,0,Easv4-Type1,"Vantage for instance specs (https://instances.vantage.sh/azure/), Azure docs for instance-host mapping, see README for details."
e64as_v4,64.0,512,1024.0,0.0,0,Easv4-Type1,"Vantage for instance specs (https://instances.vantage.sh/azure/), Azure docs for instance-host mapping, see README for details."
e96as_v4,96.0,672,1344.0,0.0,0,Easv4-Type1,"Vantage for instance specs (https://instances.vantage.sh/azure/), Azure docs for instance-host mapping, see README for details."
e2as_v5,2.0,16,0.0,0.0,0,Easv5-Type1,"Vantage for instance specs (https://instances.vantage.sh/azure/), Azure docs for instance-host mapping, see README for details."
e4as_v5,4.0,32,0.0,0.0,0,Easv5-Type1,"Vantage for instance specs (https://instances.vantage.sh/azure/), Azure docs for instance-host mapping, see README for details."
e8as_v5,8.0,64,0.0,0.0,0,Easv5-Type1,"Vantage for instance specs (https://instances.vantage.sh/azure/), Azure docs for instance-host mapping, see README for details."
e16as_v5,16.0,128,0.0,0.0,0,Easv5-Type1,"Vantage for instance specs (https://instances.vantage.sh/azure/), Azure docs for instance-host mapping, see README for details."
e20as_v5,20.0,160,0.0,0.0,0,Easv5-Type1,"Vantage for instance specs (https://instances.vantage.sh/azure/), Azure docs for instance-host mapping, see README for details."
e32as_v5,32.0,256,0.0,0.0,0,Easv5-Type1,"Vantage for instance specs (https://instances.vantage.sh/azure/), Azure docs for instance-host mapping, see README for details."
e48as_v5,48.0,384,0.0,0.0,0,Easv5-Type1,"Vantage for instance specs (https://instances.vantage.sh/azure/), Azure docs for instance-host mapping, see README for details."
e64as_v5,64.0,512,0.0,0.0,0,Easv5-Type1,"Vantage for instance specs (https://instances.vantage.sh/azure/), Azure docs for instance-host mapping, see README for details."
e96as_v5,96.0,672,0.0,0.0,0,Easv5-Type1,"Vantage for instance specs (https://instances.vantage.sh/azure/), Azure docs for instance-host mapping, see README for details."
e2ds_v4,2.0,16,75.0,0.0,0,Edsv4-Type2,"Vantage for instance specs (https://instances.vantage.sh/azure/), Azure docs for instance-host mapping, see README for details."
e4ds_v4,4.0,32,150.0,0.0,0,Edsv4-Type2,"Vantage for instance specs (https://instances.vantage.sh/azure/), Azure docs for instance-host mapping, see README for details."
e8ds_v4,8.0,64,300.0,0.0,0,Edsv4-Type2,"Vantage for instance specs (https://instances.vantage.sh/azure/), Azure docs for instance-host mapping, see README for details."
e16ds_v4,16.0,128,600.0,0.0,0,Edsv4-Type2,"Vantage for instance specs (https://instances.vantage.sh/azure/), Azure docs for instance-host mapping, see README for details."
e20ds_v4,20.0,160,750.0,0.0,0,Edsv4-Type2,"Vantage for instance specs (https://instances.vantage.sh/azure/), Azure docs for instance-host mapping, see README for details."
e32ds_v4,32.0,256,1200.0,0.0,0,Edsv4-Type2,"Vantage for instance specs (https://instances.vantage.sh/azure/), Azure docs for instance-host mapping, see README for details."
e48ds_v4,48.0,384,1800.0,0.0,0,Edsv4-Type2,"Vantage for instance specs (https://instances.vantage.sh/azure/), Azure docs for instance-host mapping, see README for details."
e64ds_v4,64.0,504,2400.0,0.0,0,Edsv4-Type2,"Vantage for instance specs (https://instances.vantage.sh/azure/), Azure docs for instance-host mapping, see README for details."
e2ds_v4,2.0,16,75.0,0.0,0,Edsv4-Type1,"Vantage for instance specs (https://instances.vantage.sh/azure/), Azure docs for instance-host mapping, see README for details."
e4ds_v4,4.0,32,150.0,0.0,0,Edsv4-Type1,"Vantage for instance specs (https://instances.vantage.sh/azure/), Azure docs for instance-host mapping, see README for details."
e8ds_v4,8.0,64,300.0,0.0,0,Edsv4-Type1,"Vantage for instance specs (https://instances.vantage.sh/azure/), Azure docs for instance-host mapping, see README for details."
e16ds_v4,16.0,128,600.0,0.0,0,Edsv4-Type1,"Vantage for instance specs (https://instances.vantage.sh/azure/), Azure docs for instance-host mapping, see README for details."
e20ds_v4,20.0,160,750.0,0.0,0,Edsv4-Type1,"Vantage for instance specs (https://instances.vantage.sh/azure/), Azure docs for instance-host mapping, see README for details."
e32ds_v4,32.0,256,1200.0,0.0,0,Edsv4-Type1,"Vantage for instance specs (https://instances.vantage.sh/azure/), Azure docs for instance-host mapping, see README for details."
e48ds_v4,48.0,384,1800.0,0.0,0,Edsv4-Type1,"Vantage for instance specs (https://instances.vantage.sh/azure/), Azure docs for instance-host mapping, see README for details."
e64ds_v4,64.0,504,2400.0,0.0,0,Edsv4-Type1,"Vantage for instance specs (https://instances.vantage.sh/azure/), Azure docs for instance-host mapping, see README for details."
e2ds_v5,2.0,16,75.0,0.0,0,Edsv5-Type1,"Vantage for instance specs (https://instances.vantage.sh/azure/), Azure docs for instance-host mapping, see README for details."
e4ds_v5,4.0,32,150.0,0.0,0,Edsv5-Type1,"Vantage for instance specs (https://instances.vantage.sh/azure/), Azure docs for instance-host mapping, see README for details."
e8ds_v5,8.0,64,300.0,0.0,0,Edsv5-Type1,"Vantage for instance specs (https://instances.vantage.sh/azure/), Azure docs for instance-host mapping, see README for details."
e16ds_v5,16.0,128,600.0,0.0,0,Edsv5-Type1,"Vantage for instance specs (https://instances.vantage.sh/azure/), Azure docs for instance-host mapping, see README for details."
e20ds_v5,20.0,160,750.0,0.0,0,Edsv5-Type1,"Vantage for instance specs (https://instances.vantage.sh/azure/), Azure docs for instance-host mapping, see README for details."
e32ds_v5,32.0,256,1200.0,0.0,0,Edsv5-Type1,"Vantage for instance specs (https://instances.vantage.sh/azure/), Azure docs for instance-host mapping, see README for details."
e48ds_v5,48.0,384,1800.0,0.0,0,Edsv5-Type1,"Vantage for instance specs (https://instances.vantage.sh/azure/), Azure docs for instance-host mapping, see README for details."
e64ds_v5,64.0,512,2400.0,0.0,0,Edsv5-Type1,"Vantage for instance specs (https://instances.vantage.sh/azure/), Azure docs for instance-host mapping, see README for details."
e2s_v3,2.0,16,32.0,0.0,0,Esv3-Type4,"Vantage for instance specs (https://instances.vantage.sh/azure/), Azure docs for instance-host mapping, see README for details."
e4s_v3,4.0,32,64.0,0.0,0,Esv3-Type4,"Vantage for instance specs (https://instances.vantage.sh/azure/), Azure docs for instance-host mapping, see README for details."
e8s_v3,8.0,64,128.0,0.0,0,Esv3-Type4,"Vantage for instance specs (https://instances.vantage.sh/azure/), Azure docs for instance-host mapping, see README for details."
e16s_v3,16.0,128,256.0,0.0,0,Esv3-Type4,"Vantage for instance specs (https://instances.vantage.sh/azure/), Azure docs for instance-host mapping, see README for details."
e20s_v3,20.0,160,320.0,0.0,0,Esv3-Type4,"Vantage for instance specs (https://instances.vantage.sh/azure/), Azure docs for instance-host mapping, see README for details."
e32s_v3,32.0,256,512.0,0.0,0,Esv3-Type4,"Vantage for instance specs (https://instances.vantage.sh/azure/), Azure docs for instance-host mapping, see README for details."
e48s_v3,48.0,384,768.0,0.0,0,Esv3-Type4,"Vantage for instance specs (https://instances.vantage.sh/azure/), Azure docs for instance-host mapping, see README for details."
e64s_v3,64.0,432,864.0,0.0,0,Esv3-Type4,"Vantage for instance specs (https://instances.vantage.sh/azure/), Azure docs for instance-host mapping, see README for details."
e2s_v3,2.0,16,32.0,0.0,0,Esv3-Type3,"Vantage for instance specs (https://instances.vantage.sh/azure/), Azure docs for instance-host mapping, see README for details."
e4s_v3,4.0,32,64.0,0.0,0,Esv3-Type3,"Vantage for instance specs (https://instances.vantage.sh/azure/), Azure docs for instance-host mapping, see README for details."
e8s_v3,8.0,64,128.0,0.0,0,Esv3-Type3,"Vantage for instance specs (https://instances.vantage.sh/azure/), Azure docs for instance-host mapping, see README for details."
e16s_v3,16.0,128,256.0,0.0,0,Esv3-Type3,"Vantage for instance specs (https://instances.vantage.sh/azure/), Azure docs for instance-host mapping, see README for details."
e20s_v3,20.0,160,320.0,0.0,0,Esv3-Type3,"Vantage for instance specs (https://instances.vantage.sh/azure/), Azure docs for instance-host mapping, see README for details."
e32s_v3,32.0,256,512.0,0.0,0,Esv3-Type3,"Vantage for instance specs (https://instances.vantage.sh/azure/), Azure docs for instance-host mapping, see README for details."
e48s_v3,48.0,384,768.0,0.0,0,Esv3-Type3,"Vantage for instance specs (https://instances.vantage.sh/azure/), Azure docs for instance-host mapping, see README for details."
e64s_v3,64.0,432,864.0,0.0,0,Esv3-Type3,"Vantage for instance specs (https://instances.vantage.sh/azure/), Azure docs for instance-host mapping, see README for details."
e2s_v4,2.0,16,0.0,0.0,0,Esv4-Type2,"Vantage for instance specs (https://instances.vantage.sh/azure/), Azure docs for instance-host mapping, see README for details."
e4s_v4,4.0,32,0.0,0.0,0,Esv4-Type2,"Vantage for instance specs (https://instances.vantage.sh/azure/), Azure docs for instance-host mapping, see README for details."
e8s_v4,8.0,64,0.0,0.0,0,Esv4-Type2,"Vantage for instance specs (https://instances.vantage.sh/azure/), Azure docs for instance-host mapping, see README for details."
e16s_v4,16.0,128,0.0,0.0,0,Esv4-Type2,"Vantage for instance specs (https://instances.vantage.sh/azure/), Azure docs for instance-host mapping, see README for details."
e20s_v4,20.0,160,0.0,0.0,0,Esv4-Type2,"Vantage for instance specs (https://instances.vantage.sh/azure/), Azure docs for instance-host mapping, see README for details."
e32s_v4,32.0,256,0.0,0.0,0,Esv4-Type2,"Vantage for instance specs (https://instances.vantage.sh/azure/), Azure docs for instance-host mapping, see README for details."
e48s_v4,48.0,384,0.0,0.0,0,Esv4-Type2,"Vantage for instance specs (https://instances.vantage.sh/azure/), Azure docs for instance-host mapping, see README for details."
e64s_v4,64.0,504,0.0,0.0,0,Esv4-Type2,"Vantage for instance specs (https://instances.vantage.sh/azure/), Azure docs for instance-host mapping, see README for details."
e2s_v4,2.0,16,0.0,0.0,0,Esv4-Type1,"Vantage for instance specs (https://instances.vantage.sh/azure/), Azure docs for instance-host mapping, see README for details."
e4s_v4,4.0,32,0.0,0.0,0,Esv4-Type1,"Vantage for instance specs (https://instances.vantage.sh/azure/), Azure docs for instance-host mapping, see README for details."
e8s_v4,8.0,64,0.0,0.0,0,Esv4-Type1,"Vantage for instance specs (https://instances.vantage.sh/azure/), Azure docs for instance-host mapping, see README for details."
e16s_v4,16.0,128,0.0,0.0,0,Esv4-Type1,"Vantage for instance specs (https://instances.vantage.sh/azure/), Azure docs for instance-host mapping, see README for details."
e20s_v4,20.0,160,0.0,0.0,0,Esv4-Type1,"Vantage for instance specs (https://instances.vantage.sh/azure/), Azure docs for instance-host mapping, see README for details."
e32s_v4,32.0,256,0.0,0.0,0,Esv4-Type1,"Vantage for instance specs (https://instances.vantage.sh/azure/), Azure docs for instance-host mapping, see README for details."
e48s_v4,48.0,384,0.0,0.0,0,Esv4-Type1,"Vantage for instance specs (https://instances.vantage.sh/azure/), Azure docs for instance-host mapping, see README for details."
e64s_v4,64.0,504,0.0,0.0,0,Esv4-Type1,"Vantage for instance specs (https://instances.vantage.sh/azure/), Azure docs for instance-host mapping, see README for details."
e2s_v5,2.0,16,0.0,0.0,0,Esv5-Type1,"Vantage for instance specs (https://instances.vantage.sh/azure/), Azure docs for instance-host mapping, see README for details."
e4s_v5,4.0,32,0.0,0.0,0,Esv5-Type1,"Vantage for instance specs (https://instances.vantage.sh/azure/), Azure docs for instance-host mapping, see README for details."
e8s_v5,8.0,64,0.0,0.0,0,Esv5-Type1,"Vantage for instance specs (https://instances.vantage.sh/azure/), Azure docs for instance-host mapping, see README for details."
e16s_v5,16.0,128,0.0,0.0,0,Esv5-Type1,"Vantage for instance specs (https://instances.vantage.sh/azure/), Azure docs for instance-host mapping, see README for details."
e20s_v5,20.0,160,0.0,0.0,0,Esv5-Type1,"Vantage for instance specs (https://instances.vantage.sh/azure/), Azure docs for instance-host mapping, see README for details."
e32s_v5,32.0,256,0.0,0.0,0,Esv5-Type1,"Vantage for instance specs (https://instances.vantage.sh/azure/), Azure docs for instance-host mapping, see README for details."
e48s_v5,48.0,384,0.0,0.0,0,Esv5-Type1,"Vantage for instance specs (https://instances.vantage.sh/azure/), Azure docs for instance-host mapping, see README for details."
e64s_v5,64.0,512,0.0,0.0,0,Esv5-Type1,"Vantage for instance specs (https://instances.vantage.sh/azure/), Azure docs for instance-host mapping, see README for details."
f2s_v2,2.0,4,16.0,0.0,0,Fsv2-Type4,"Vantage for instance specs (https://instances.vantage.sh/azure/), Azure docs for instance-host mapping, see README for details."
f4s_v2,4.0,8,32.0,0.0,0,Fsv2-Type4,"Vantage for instance specs (https://instances.vantage.sh/azure/), Azure docs for instance-host mapping, see README for details."
f8s_v2,8.0,16,64.0,0.0,0,Fsv2-Type4,"Vantage for instance specs (https://instances.vantage.sh/azure/), Azure docs for instance-host mapping, see README for details."
f16s_v2,16.0,32,128.0,0.0,0,Fsv2-Type4,"Vantage for instance specs (https://instances.vantage.sh/azure/), Azure docs for instance-host mapping, see README for details."
f32s_v2,32.0,64,256.0,0.0,0,Fsv2-Type4,"Vantage for instance specs (https://instances.vantage.sh/azure/), Azure docs for instance-host mapping, see README for details."
f48s_v2,48.0,96,384.0,0.0,0,Fsv2-Type4,"Vantage for instance specs (https://instances.vantage.sh/azure/), Azure docs for instance-host mapping, see README for details."
f64s_v2,64.0,128,512.0,0.0,0,Fsv2-Type4,"Vantage for instance specs (https://instances.vantage.sh/azure/), Azure docs for instance-host mapping, see README for details."
f72s_v2,72.0,144,576.0,0.0,0,Fsv2-Type4,"Vantage for instance specs (https://instances.vantage.sh/azure/), Azure docs for instance-host mapping, see README for details."
f2s_v2,2.0,4,16.0,0.0,0,Fsv2-Type3,"Vantage for instance specs (https://instances.vantage.sh/azure/), Azure docs for instance-host mapping, see README for details."
f4s_v2,4.0,8,32.0,0.0,0,Fsv2-Type3,"Vantage for instance specs (https://instances.vantage.sh/azure/), Azure docs for instance-host mapping, see README for details."
f8s_v2,8.0,16,64.0,0.0,0,Fsv2-Type3,"Vantage for instance specs (https://instances.vantage.sh/azure/), Azure docs for instance-host mapping, see README for details."
f16s_v2,16.0,32,128.0,0.0,0,Fsv2-Type3,"Vantage for instance specs (https://instances.vantage.sh/azure/), Azure docs for instance-host mapping, see README for details."
f32s_v2,32.0,64,256.0,0.0,0,Fsv2-Type3,"Vantage for instance specs (https://instances.vantage.sh/azure/), Azure docs for instance-host mapping, see README for details."
f48s_v2,48.0,96,384.0,0.0,0,Fsv2-Type3,"Vantage for instance specs (https://instances.vantage.sh/azure/), Azure docs for instance-host mapping, see README for details."
f64s_v2,64.0,128,512.0,0.0,0,Fsv2-Type3,"Vantage for instance specs (https://instances.vantage.sh/azure/), Azure docs for instance-host mapping, see README for details."
f72s_v2,72.0,144,576.0,0.0,0,Fsv2-Type3,"Vantage for instance specs (https://instances.vantage.sh/azure/), Azure docs for instance-host mapping, see README for details."
f2s_v2,2.0,4,16.0,0.0,0,Fsv2-Type2,"Vantage for instance specs (https://instances.vantage.sh/azure/), Azure docs for instance-host mapping, see README for details."
f4s_v2,4.0,8,32.0,0.0,0,Fsv2-Type2,"Vantage for instance specs (https://instances.vantage.sh/azure/), Azure docs for instance-host mapping, see README for details."
f8s_v2,8.0,16,64.0,0.0,0,Fsv2-Type2,"Vantage for instance specs (https://instances.vantage.sh/azure/), Azure docs for instance-host mapping, see README for details."
f16s_v2,16.0,32,128.0,0.0,0,Fsv2-Type2,"Vantage for instance specs (https://instances.vantage.sh/azure/), Azure docs for instance-host mapping, see README for details."
f32s_v2,32.0,64,256.0,0.0,0,Fsv2-Type2,"Vantage for instance specs (https://instances.vantage.sh/azure/), Azure docs for instance-host mapping, see README for details."
f48s_v2,48.0,96,384.0,0.0,0,Fsv2-Type2,"Vantage for instance specs (https://instances.vantage.sh/azure/), Azure docs for instance-host mapping, see README for details."
f64s_v2,64.0,128,512.0,0.0,0,Fsv2-Type2,"Vantage for instance specs (https://instances.vantage.sh/azure/), Azure docs for instance-host mapping, see README for details."
f72s_v2,72.0,144,576.0,0.0,0,Fsv2-Type2,"Vantage for instance specs (https://instances.vantage.sh/azure/), Azure docs for instance-host mapping, see README for details."
fx4mds,4.0,84,168.0,0.0,0,FXmds-Type1,"Vantage for instance specs (https://instances.vantage.sh/azure/), Azure docs for instance-host mapping, see README for details."
fx12mds,12.0,252,504.0,0.0,0,FXmds-Type1,"Vantage for instance specs (https://instances.vantage.sh/azure/), Azure docs for instance-host mapping, see README for details."
fx24mds,24.0,504,1008.0,0.0,0,FXmds-Type1,"Vantage for instance specs (https://instances.vantage.sh/azure/), Azure docs for instance-host mapping, see README for details."
fx36mds,36.0,756,1512.0,0.0,0,FXmds-Type1,"Vantage for instance specs (https://instances.vantage.sh/azure/), Azure docs for instance-host mapping, see README for details."
fx48mds,48.0,1008,2016.0,0.0,0,FXmds-Type1,"Vantage for instance specs (https://instances.vantage.sh/azure/), Azure docs for instance-host mapping, see README for details."
l8s_v2,8.0,64,80.0,0.0,0,Lsv2-Type1,"Vantage for instance specs (https://instances.vantage.sh/azure/), Azure docs for instance-host mapping, see README for details."
l16s_v2,16.0,128,160.0,0.0,0,Lsv2-Type1,"Vantage for instance specs (https://instances.vantage.sh/azure/), Azure docs for instance-host mapping, see README for details."
l32s_v2,32.0,256,320.0,0.0,0,Lsv2-Type1,"Vantage for instance specs (https://instances.vantage.sh/azure/), Azure docs for instance-host mapping, see README for details."
l48s_v2,48.0,384,480.0,0.0,0,Lsv2-Type1,"Vantage for instance specs (https://instances.vantage.sh/azure/), Azure docs for instance-host mapping, see README for details."
l64s_v2,64.0,512,640.0,0.0,0,Lsv2-Type1,"Vantage for instance specs (https://instances.vantage.sh/azure/), Azure docs for instance-host mapping, see README for details."
l80s_v2,80.0,640,800.0,0.0,0,Lsv2-Type1,"Vantage for instance specs (https://instances.vantage.sh/azure/), Azure docs for instance-host mapping, see README for details."
l8as_v3,8.0,64,80.0,0.0,0,Lasv3-Type1,"Vantage for instance specs (https://instances.vantage.sh/azure/), Azure docs for instance-host mapping, see README for details."
l16as_v3,16.0,128,160.0,0.0,0,Lasv3-Type1,"Vantage for instance specs (https://instances.vantage.sh/azure/), Azure docs for instance-host mapping, see README for details."
l32as_v3,32.0,256,320.0,0.0,0,Lasv3-Type1,"Vantage for instance specs (https://instances.vantage.sh/azure/), Azure docs for instance-host mapping, see README for details."
l48as_v3,48.0,384,480.0,0.0,0,Lasv3-Type1,"Vantage for instance specs (https://instances.vantage.sh/azure/), Azure docs for instance-host mapping, see README for details."
l64as_v3,64.0,512,640.0,0.0,0,Lasv3-Type1,"Vantage for instance specs (https://instances.vantage.sh/azure/), Azure docs for instance-host mapping, see README for details."
l80as_v3,80.0,640,800.0,0.0,0,Lasv3-Type1,"Vantage for instance specs (https://instances.vantage.sh/azure/), Azure docs for instance-host mapping, see README for details."
l8s_v3,8.0,64,80.0,0.0,0,Lsv3-Type1,"Vantage for instance specs (https://instances.vantage.sh/azure/), Azure docs for instance-host mapping, see README for details."
l16s_v3,16.0,128,160.0,0.0,0,Lsv3-Type1,"Vantage for instance specs (https://instances.vantage.sh/azure/), Azure docs for instance-host mapping, see README for details."
l32s_v3,32.0,256,320.0,0.0,0,Lsv3-Type1,"Vantage for instance specs (https://instances.vantage.sh/azure/), Azure docs for instance-host mapping, see README for details."
l48s_v3,48.0,384,480.0,0.0,0,Lsv3-Type1,"Vantage for instance specs (https://instances.vantage.sh/azure/), Azure docs for instance-host mapping, see README for details."
l64s_v3,64.0,512,640.0,0.0,0,Lsv3-Type1,"Vantage for instance specs (https://instances.vantage.sh/azure/), Azure docs for instance-host mapping, see README for details."
l80s_v3,80.0,640,800.0,0.0,0,Lsv3-Type1,"Vantage for instance specs (https://instances.vantage.sh/azure/), Azure docs for instance-host mapping, see README for details."
m32dms_v2,32.0,875,1024.0,0.0,0,Mdmsv2MedMem-Type1,"Vantage for instance specs (https://instances.vantage.sh/azure/), Azure docs for instance-host mapping, see README for details."
m64ds_v2,64.0,1024,2048.0,0.0,0,Mdmsv2MedMem-Type1,"Vantage for instance specs (https://instances.vantage.sh/azure/), Azure docs for instance-host mapping, see README for details."
m64dms_v2,64.0,1792,2048.0,0.0,0,Mdmsv2MedMem-Type1,"Vantage for instance specs (https://instances.vantage.sh/azure/), Azure docs for instance-host mapping, see README for details."
m128ds_v2,128.0,2048,4096.0,0.0,0,Mdmsv2MedMem-Type1,"Vantage for instance specs (https://instances.vantage.sh/azure/), Azure docs for instance-host mapping, see README for details."
m128dms_v2,128.0,3892,4096.0,0.0,0,Mdmsv2MedMem-Type1,"Vantage for instance specs (https://instances.vantage.sh/azure/), Azure docs for instance-host mapping, see README for details."
m32dms_v2,32.0,875,1024.0,0.0,0,Mdmsv2MedMem-Type1,"Vantage for instance specs (https://instances.vantage.sh/azure/), Azure docs for instance-host mapping, see README for details."
m64ds_v2,64.0,1024,2048.0,0.0,0,Mdmsv2MedMem-Type1,"Vantage for instance specs (https://instances.vantage.sh/azure/), Azure docs for instance-host mapping, see README for details."
m64dms_v2,64.0,1792,2048.0,0.0,0,Mdmsv2MedMem-Type1,"Vantage for instance specs (https://instances.vantage.sh/azure/), Azure docs for instance-host mapping, see README for details."
m128ds_v2,128.0,2048,4096.0,0.0,0,Mdmsv2MedMem-Type1,"Vantage for instance specs (https://instances.vantage.sh/azure/), Azure docs for instance-host mapping, see README for details."
m128dms_v2,128.0,3892,4096.0,0.0,0,Mdmsv2MedMem-Type1,"Vantage for instance specs (https://instances.vantage.sh/azure/), Azure docs for instance-host mapping, see README for details."
m32dms_v2,32.0,875,1024.0,0.0,0,Mdsv2MedMem-Type1,"Vantage for instance specs (https://instances.vantage.sh/azure/), Azure docs for instance-host mapping, see README for details."
m64ds_v2,64.0,1024,2048.0,0.0,0,Mdsv2MedMem-Type1,"Vantage for instance specs (https://instances.vantage.sh/azure/), Azure docs for instance-host mapping, see README for details."
m64dms_v2,64.0,1792,2048.0,0.0,0,Mdsv2MedMem-Type1,"Vantage for instance specs (https://instances.vantage.sh/azure/), Azure docs for instance-host mapping, see README for details."
m128ds_v2,128.0,2048,4096.0,0.0,0,Mdsv2MedMem-Type1,"Vantage for instance specs (https://instances.vantage.sh/azure/), Azure docs for instance-host mapping, see README for details."
m32dms_v2,32.0,875,1024.0,0.0,0,Mdsv2MedMem-Type1,"Vantage for instance specs (https://instances.vantage.sh/azure/), Azure docs for instance-host mapping, see README for details."
m64ds_v2,64.0,1024,2048.0,0.0,0,Mdsv2MedMem-Type1,"Vantage for instance specs (https://instances.vantage.sh/azure/), Azure docs for instance-host mapping, see README for details."
m64dms_v2,64.0,1792,2048.0,0.0,0,Mdsv2MedMem-Type1,"Vantage for instance specs (https://instances.vantage.sh/azure/), Azure docs for instance-host mapping, see README for details."
m128ds_v2,128.0,2048,4096.0,0.0,0,Mdsv2MedMem-Type1,"Vantage for instance specs (https://instances.vantage.sh/azure/), Azure docs for instance-host mapping, see README for details."
m32ms_v2,32.0,875,0.0,0.0,0,Mmsv2MedMem-Type1,"Vantage for instance specs (https://instances.vantage.sh/azure/), Azure docs for instance-host mapping, see README for details."
m64s_v2,64.0,1024,0.0,0.0,0,Mmsv2MedMem-Type1,"Vantage for instance specs (https://instances.vantage.sh/azure/), Azure docs for instance-host mapping, see README for details."
m64ms_v2,64.0,1792,0.0,0.0,0,Mmsv2MedMem-Type1,"Vantage for instance specs (https://instances.vantage.sh/azure/), Azure docs for instance-host mapping, see README for details."
m128ms_v2,128.0,3892,0.0,0.0,0,Mmsv2MedMem-Type1,"Vantage for instance specs (https://instances.vantage.sh/azure/), Azure docs for instance-host mapping, see README for details."
m128s_v2,128.0,2048,0.0,0.0,0,Mmsv2MedMem-Type1,"Vantage for instance specs (https://instances.vantage.sh/azure/), Azure docs for instance-host mapping, see README for details."
m32ms_v2,32.0,875,0.0,0.0,0,Mmsv2MedMem-Type1,"Vantage for instance specs (https://instances.vantage.sh/azure/), Azure docs for instance-host mapping, see README for details."
m64s_v2,64.0,1024,0.0,0.0,0,Mmsv2MedMem-Type1,"Vantage for instance specs (https://instances.vantage.sh/azure/), Azure docs for instance-host mapping, see README for details."
m64ms_v2,64.0,1792,0.0,0.0,0,Mmsv2MedMem-Type1,"Vantage for instance specs (https://instances.vantage.sh/azure/), Azure docs for instance-host mapping, see README for details."
m128ms_v2,128.0,3892,0.0,0.0,0,Mmsv2MedMem-Type1,"Vantage for instance specs (https://instances.vantage.sh/azure/), Azure docs for instance-host mapping, see README for details."
m128s_v2,128.0,2048,0.0,0.0,0,Mmsv2MedMem-Type1,"Vantage for instance specs (https://instances.vantage.sh/azure/), Azure docs for instance-host mapping, see README for details."
m32ls,32.0,256,1024.0,0.0,0,Ms-Type1,"Vantage for instance specs (https://instances.vantage.sh/azure/), Azure docs for instance-host mapping, see README for details."
m32ts,32.0,192,1024.0,0.0,0,Ms-Type1,"Vantage for instance specs (https://instances.vantage.sh/azure/), Azure docs for instance-host mapping, see README for details."
m64,64.0,1024,7168.0,0.0,0,Ms-Type1,"Vantage for instance specs (https://instances.vantage.sh/azure/), Azure docs for instance-host mapping, see README for details."
m64s,64.0,1024,2048.0,0.0,0,Ms-Type1,"Vantage for instance specs (https://instances.vantage.sh/azure/), Azure docs for instance-host mapping, see README for details."
m64ls,64.0,512,2048.0,0.0,0,Ms-Type1,"Vantage for instance specs (https://instances.vantage.sh/azure/), Azure docs for instance-host mapping, see README for details."
m128,128.0,2048,14336.0,0.0,0,Ms-Type1,"Vantage for instance specs (https://instances.vantage.sh/azure/), Azure docs for instance-host mapping, see README for details."
m128s,128.0,2048,4096.0,0.0,0,Ms-Type1,"Vantage for instance specs (https://instances.vantage.sh/azure/), Azure docs for instance-host mapping, see README for details."
m32ls,32.0,256,1024.0,0.0,0,Ms-Type1,"Vantage for instance specs (https://instances.vantage.sh/azure/), Azure docs for instance-host mapping, see README for details."
m32ts,32.0,192,1024.0,0.0,0,Ms-Type1,"Vantage for instance specs (https://instances.vantage.sh/azure/), Azure docs for instance-host mapping, see README for details."
m64,64.0,1024,7168.0,0.0,0,Ms-Type1,"Vantage for instance specs (https://instances.vantage.sh/azure/), Azure docs for instance-host mapping, see README for details."
m64s,64.0,1024,2048.0,0.0,0,Ms-Type1,"Vantage for instance specs (https://instances.vantage.sh/azure/), Azure docs for instance-host mapping, see README for details."
m64ls,64.0,512,2048.0,0.0,0,Ms-Type1,"Vantage for instance specs (https://instances.vantage.sh/azure/), Azure docs for instance-host mapping, see README for details."
m128,128.0,2048,14336.0,0.0,0,Ms-Type1,"Vantage for instance specs (https://instances.vantage.sh/azure/), Azure docs for instance-host mapping, see README for details."
m128s,128.0,2048,4096.0,0.0,0,Ms-Type1,"Vantage for instance specs (https://instances.vantage.sh/azure/), Azure docs for instance-host mapping, see README for details."
m8ms,8.0,218.75,256.0,0.0,0,Msm-Type1,"Vantage for instance specs (https://instances.vantage.sh/azure/), Azure docs for instance-host mapping, see README for details."
m8-4ms,8.0,218.75,256.0,0.0,0,Msm-Type1,"Vantage for instance specs (https://instances.vantage.sh/azure/), Azure docs for instance-host mapping, see README for details."
m16ms,16.0,437.5,512.0,0.0,0,Msm-Type1,"Vantage for instance specs (https://instances.vantage.sh/azure/), Azure docs for instance-host mapping, see README for details."
m16-8ms,16.0,437.5,256.0,0.0,0,Msm-Type1,"Vantage for instance specs (https://instances.vantage.sh/azure/), Azure docs for instance-host mapping, see README for details."
m32ts,32.0,192,1024.0,0.0,0,Msm-Type1,"Vantage for instance specs (https://instances.vantage.sh/azure/), Azure docs for instance-host mapping, see README for details."
m32ls,32.0,256,1024.0,0.0,0,Msm-Type1,"Vantage for instance specs (https://instances.vantage.sh/azure/), Azure docs for instance-host mapping, see README for details."
m32ms,32.0,875,1024.0,0.0,0,Msm-Type1,"Vantage for instance specs (https://instances.vantage.sh/azure/), Azure docs for instance-host mapping, see README for details."
m32-8ms,32.0,875,1024.0,0.0,0,Msm-Type1,"Vantage for instance specs (https://instances.vantage.sh/azure/), Azure docs for instance-host mapping, see README for details."
m64ms,64.0,1792,2048.0,0.0,0,Msm-Type1,"Vantage for instance specs (https://instances.vantage.sh/azure/), Azure docs for instance-host mapping, see README for details."
m64,64.0,1024,7168.0,0.0,0,Msm-Type1,"Vantage for instance specs (https://instances.vantage.sh/azure/), Azure docs for instance-host mapping, see README for details."
m64s,64.0,1024,2048.0,0.0,0,Msm-Type1,"Vantage for instance specs (https://instances.vantage.sh/azure/), Azure docs for instance-host mapping, see README for details."
m64m,64.0,1792,7168.0,0.0,0,Msm-Type1,"Vantage for instance specs (https://instances.vantage.sh/azure/), Azure docs for instance-host mapping, see README for details."
m64ls,64.0,512,2048.0,0.0,0,Msm-Type1,"Vantage for instance specs (https://instances.vantage.sh/azure/), Azure docs for instance-host mapping, see README for details."
m128ms,128.0,3892,4096.0,0.0,0,Msm-Type1,"Vantage for instance specs (https://instances.vantage.sh/azure/), Azure docs for instance-host mapping, see README for details."
m128s,128.0,2048,4096.0,0.0,0,Msm-Type1,"Vantage for instance specs (https://instances.vantage.sh/azure/), Azure docs for instance-host mapping, see README for details."
m128m,128.0,3892,14336.0,0.0,0,Msm-Type1,"Vantage for instance specs (https://instances.vantage.sh/azure/), Azure docs for instance-host mapping, see README for details."
m128,128.0,2048,14336.0,0.0,0,Msm-Type1,"Vantage for instance specs (https://instances.vantage.sh/azure/), Azure docs for instance-host mapping, see README for details."
m8ms,8.0,218.75,256.0,0.0,0,Msm-Type1,"Vantage for instance specs (https://instances.vantage.sh/azure/), Azure docs for instance-host mapping, see README for details."
m8-4ms,8.0,218.75,256.0,0.0,0,Msm-Type1,"Vantage for instance specs (https://instances.vantage.sh/azure/), Azure docs for instance-host mapping, see README for details."
m16ms,16.0,437.5,512.0,0.0,0,Msm-Type1,"Vantage for instance specs (https://instances.vantage.sh/azure/), Azure docs for instance-host mapping, see README for details."
m16-8ms,16.0,437.5,256.0,0.0,0,Msm-Type1,"Vantage for instance specs (https://instances.vantage.sh/azure/), Azure docs for instance-host mapping, see README for details."
m32ts,32.0,192,1024.0,0.0,0,Msm-Type1,"Vantage for instance specs (https://instances.vantage.sh/azure/), Azure docs for instance-host mapping, see README for details."
m32ls,32.0,256,1024.0,0.0,0,Msm-Type1,"Vantage for instance specs (https://instances.vantage.sh/azure/), Azure docs for instance-host mapping, see README for details."
m32ms,32.0,875,1024.0,0.0,0,Msm-Type1,"Vantage for instance specs (https://instances.vantage.sh/azure/), Azure docs for instance-host mapping, see README for details."
m32-8ms,32.0,875,1024.0,0.0,0,Msm-Type1,"Vantage for instance specs (https://instances.vantage.sh/azure/), Azure docs for instance-host mapping, see README for details."
m64ms,64.0,1792,2048.0,0.0,0,Msm-Type1,"Vantage for instance specs (https://instances.vantage.sh/azure/), Azure docs for instance-host mapping, see README for details."
m64,64.0,1024,7168.0,0.0,0,Msm-Type1,"Vantage for instance specs (https://instances.vantage.sh/azure/), Azure docs for instance-host mapping, see README for details."
m64s,64.0,1024,2048.0,0.0,0,Msm-Type1,"Vantage for instance specs (https://instances.vantage.sh/azure/), Azure docs for instance-host mapping, see README for details."
m64m,64.0,1792,7168.0,0.0,0,Msm-Type1,"Vantage for instance specs (https://instances.vantage.sh/azure/), Azure docs for instance-host mapping, see README for details."
m64ls,64.0,512,2048.0,0.0,0,Msm-Type1,"Vantage for instance specs (https://instances.vantage.sh/azure/), Azure docs for instance-host mapping, see README for details."
m128ms,128.0,3892,4096.0,0.0,0,Msm-Type1,"Vantage for instance specs (https://instances.vantage.sh/azure/), Azure docs for instance-host mapping, see README for details."
m128s,128.0,2048,4096.0,0.0,0,Msm-Type1,"Vantage for instance specs (https://instances.vantage.sh/azure/), Azure docs for instance-host mapping, see README for details."
m128m,128.0,3892,14336.0,0.0,0,Msm-Type1,"Vantage for instance specs (https://instances.vantage.sh/azure/), Azure docs for instance-host mapping, see README for details."
m128,128.0,2048,14336.0,0.0,0,Msm-Type1,"Vantage for instance specs (https://instances.vantage.sh/azure/), Azure docs for instance-host mapping, see README for details."
m208ms_v2,208.0,5700,4096.0,0.0,0,Msmv2-Type1,"Vantage for instance specs (https://instances.vantage.sh/azure/), Azure docs for instance-host mapping, see README for details."
m208s_v2,208.0,2850,4096.0,0.0,0,Msmv2-Type1,"Vantage for instance specs (https://instances.vantage.sh/azure/), Azure docs for instance-host mapping, see README for details."
m416ms_v2,416.0,11400,8192.0,0.0,0,Msmv2-Type1,"Vantage for instance specs (https://instances.vantage.sh/azure/), Azure docs for instance-host mapping, see README for details."
m416s_v2,416.0,5700,8192.0,0.0,0,Msmv2-Type1,"Vantage for instance specs (https://instances.vantage.sh/azure/), Azure docs for instance-host mapping, see README for details."
m208ms_v2,208.0,5700,4096.0,0.0,0,Msmv2-Type1,"Vantage for instance specs (https://instances.vantage.sh/azure/), Azure docs for instance-host mapping, see README for details."
m208s_v2,208.0,2850,4096.0,0.0,0,Msmv2-Type1,"Vantage for instance specs (https://instances.vantage.sh/azure/), Azure docs for instance-host mapping, see README for details."
m416ms_v2,416.0,11400,8192.0,0.0,0,Msmv2-Type1,"Vantage for instance specs (https://instances.vantage.sh/azure/), Azure docs for instance-host mapping, see README for details."
m416s_v2,416.0,5700,8192.0,0.0,0,Msmv2-Type1,"Vantage for instance specs (https://instances.vantage.sh/azure/), Azure docs for instance-host mapping, see README for details."
m208ms_v2,208.0,5700,4096.0,0.0,0,Msv2-Type1,"Vantage for instance specs (https://instances.vantage.sh/azure/), Azure docs for instance-host mapping, see README for details."
m208s_v2,208.0,2850,4096.0,0.0,0,Msv2-Type1,"Vantage for instance specs (https://instances.vantage.sh/azure/), Azure docs for instance-host mapping, see README for details."
m416s_v2,416.0,5700,8192.0,0.0,0,Msv2-Type1,"Vantage for instance specs (https://instances.vantage.sh/azure/), Azure docs for instance-host mapping, see README for details."
m208ms_v2,208.0,5700,4096.0,0.0,0,Msv2-Type1,"Vantage for instance specs (https://instances.vantage.sh/azure/), Azure docs for instance-host mapping, see README for details."
m208s_v2,208.0,2850,4096.0,0.0,0,Msv2-Type1,"Vantage for instance specs (https://instances.vantage.sh/azure/), Azure docs for instance-host mapping, see README for details."
m416s_v2,416.0,5700,8192.0,0.0,0,Msv2-Type1,"Vantage for instance specs (https://instances.vantage.sh/azure/), Azure docs for instance-host mapping, see README for details."
m32ms_v2,32.0,875,0.0,0.0,0,Msv2MedMem-Type1,"Vantage for instance specs (https://instances.vantage.sh/azure/), Azure docs for instance-host mapping, see README for details."
m64s_v2,64.0,1024,0.0,0.0,0,Msv2MedMem-Type1,"Vantage for instance specs (https://instances.vantage.sh/azure/), Azure docs for instance-host mapping, see README for details."
m64ms_v2,64.0,1792,0.0,0.0,0,Msv2MedMem-Type1,"Vantage for instance specs (https://instances.vantage.sh/azure/), Azure docs for instance-host mapping, see README for details."
m128s_v2,128.0,2048,0.0,0.0,0,Msv2MedMem-Type1,"Vantage for instance specs (https://instances.vantage.sh/azure/), Azure docs for instance-host mapping, see README for details."
m32ms_v2,32.0,875,0.0,0.0,0,Msv2MedMem-Type1,"Vantage for instance specs (https://instances.vantage.sh/azure/), Azure docs for instance-host mapping, see README for details."
m64s_v2,64.0,1024,0.0,0.0,0,Msv2MedMem-Type1,"Vantage for instance specs (https://instances.vantage.sh/azure/), Azure docs for instance-host mapping, see README for details."
m64ms_v2,64.0,1792,0.0,0.0,0,Msv2MedMem-Type1,"Vantage for instance specs (https://instances.vantage.sh/azure/), Azure docs for instance-host mapping, see README for details."
m128s_v2,128.0,2048,0.0,0.0,0,Msv2MedMem-Type1,"Vantage for instance specs (https://instances.vantage.sh/azure/), Azure docs for instance-host mapping, see README for details."
nv4as_v4,4.0,14,88.0,0.0,1/8th MI25 (2GB VRAM),NVasv4-Type1,"Vantage for instance specs (https://instances.vantage.sh/azure/), Azure docs for instance-host mapping, see README for details."
nv8as_v4,8.0,28,176.0,0.0,1/4th MI25 (4GB VRAM),NVasv4-Type1,"Vantage for instance specs (https://instances.vantage.sh/azure/), Azure docs for instance-host mapping, see README for details."
nv16as_v4,16.0,56,352.0,0.0,1/2 MI25 (8GB VRAM),NVasv4-Type1,"Vantage for instance specs (https://instances.vantage.sh/azure/), Azure docs for instance-host mapping, see README for details."
nv32as_v4,32.0,112,700.0,0.0,1x MI25 (16GB VRAM),NVasv4-Type1,"Vantage for instance specs (https://instances.vantage.sh/azure/), Azure docs for instance-host mapping, see README for details."
nv12s_v3,12.0,112,736.0,0.0,1X M60,NVsv3-Type1,"Vantage for instance specs (https://instances.vantage.sh/azure/), Azure docs for instance-host mapping, see README for details."
nv24s_v3,24.0,224,1474.0,0.0,2X M60,NVsv3-Type1,"Vantage for instance specs (https://instances.vantage.sh/azure/), Azure docs for instance-host mapping, see README for details."
nv48s_v3,48.0,448,2948.0,0.0,4X M60,NVsv3-Type1,"Vantage for instance specs (https://instances.vantage.sh/azure/), Azure docs for instance-host mapping, see README for details."
e2s_v6,2.0,16,0.0,0.0,0,Esv6-Type1,"Vantage for instance specs (https://instances.vantage.sh/azure/), Azure docs for instance-host mapping, see README for details."
e4s_v6,4.0,32,0.0,0.0,0,Esv6-Type1,"Vantage for instance specs (https://instances.vantage.sh/azure/), Azure docs for instance-host mapping, see README for details."
e8s_v6,8.0,64,0.0,0.0,0,Esv6-Type1,"Vantage for instance specs (https://instances.vantage.sh/azure/), Azure docs for instance-host mapping, see README for details."
e16s_v6,16.0,128,0.0,0.0,0,Esv6-Type1,"Vantage for instance specs (https://instances.vantage.sh/azure/), Azure docs for instance-host mapping, see README for details."
e20s_v6,20.0,160,0.0,0.0,0,Esv6-Type1,"Vantage for instance specs (https://instances.vantage.sh/azure/), Azure docs for instance-host mapping, see README for details."
e32s_v6,32.0,256,0.0,0.0,0,Esv6-Type1,"Vantage for instance specs (https://instances.vantage.sh/azure/), Azure docs for instance-host mapping, see README for details."
e48s_v6,48.0,384,0.0,0.0,0,Esv6-Type1,"Vantage for instance specs (https://instances.vantage.sh/azure/), Azure docs for instance-host mapping, see README for details."
e64s_v6,64.0,512,0.0,0.0,0,Esv6-Type1,"Vantage for instance specs (https://instances.vantage.sh/azure/), Azure docs for instance-host mapping, see README for details."
e96s_v6,96.0,768,0.0,0.0,0,Esv6-Type1,"Vantage for instance specs (https://instances.vantage.sh/azure/), Azure docs for instance-host mapping, see README for details."
e2as_v6,2.0,16,0.0,0.0,0,Easv6-Type1,"Vantage for instance specs (https://instances.vantage.sh/azure/), Azure docs for instance-host mapping, see README for details."
e4as_v6,4.0,32,0.0,0.0,0,Easv6-Type1,"Vantage for instance specs (https://instances.vantage.sh/azure/), Azure docs for instance-host mapping, see README for details."
e8as_v6,8.0,64,0.0,0.0,0,Easv6-Type1,"Vantage for instance specs (https://instances.vantage.sh/azure/), Azure docs for instance-host mapping, see README for details."
e16as_v6,16.0,128,0.0,0.0,0,Easv6-Type1,"Vantage for instance specs (https://instances.vantage.sh/azure/), Azure docs for instance-host mapping, see README for details."
e20as_v6,20.0,160,0.0,0.0,0,Easv6-Type1,"Vantage for instance specs (https://instances.vantage.sh/azure/), Azure docs for instance-host mapping, see README for details."
e32as_v6,32.0,256,0.0,0.0,0,Easv6-Type1,"Vantage for instance specs (https://instances.vantage.sh/azure/), Azure docs for instance-host mapping, see README for details."
e48as_v6,48.0,384,0.0,0.0,0,Easv6-Type1,"Vantage for instance specs (https://instances.vantage.sh/azure/), Azure docs for instance-host mapping, see README for details."
e64as_v6,64.0,512,0.0,0.0,0,Easv6-Type1,"Vantage for instance specs (https://instances.vantage.sh/azure/), Azure docs for instance-host mapping, see README for details."
e96as_v6,96.0,672,0.0,0.0,0,Easv6-Type1,"Vantage for instance specs (https://instances.vantage.sh/azure/), Azure docs for instance-host mapping, see README for details."
e2s_v3,2.0,16,32.0,0.0,0,Esv3-Type1,"Vantage for instance specs (https://instances.vantage.sh/azure/), Azure docs for instance-host mapping, see README for details."
e4s_v3,4.0,32,64.0,0.0,0,Esv3-Type1,"Vantage for instance specs (https://instances.vantage.sh/azure/), Azure docs for instance-host mapping, see README for details."
e8s_v3,8.0,64,128.0,0.0,0,Esv3-Type1,"Vantage for instance specs (https://instances.vantage.sh/azure/), Azure docs for instance-host mapping, see README for details."
e16s_v3,16.0,128,256.0,0.0,0,Esv3-Type1,"Vantage for instance specs (https://instances.vantage.sh/azure/), Azure docs for instance-host mapping, see README for details."
e20s_v3,20.0,160,320.0,0.0,0,Esv3-Type1,"Vantage for instance specs (https://instances.vantage.sh/azure/), Azure docs for instance-host mapping, see README for details."
e32s_v3,32.0,256,512.0,0.0,0,Esv3-Type1,"Vantage for instance specs (https://instances.vantage.sh/azure/), Azure docs for instance-host mapping, see README for details."
e48s_v3,48.0,384,768.0,0.0,0,Esv3-Type1,"Vantage for instance specs (https://instances.vantage.sh/azure/), Azure docs for instance-host mapping, see README for details."
e64s_v3,64.0,432,864.0,0.0,0,Esv3-Type1,"Vantage for instance specs (https://instances.vantage.sh/azure/), Azure docs for instance-host mapping, see README for details."
e2s_v3,2.0,16,32.0,0.0,0,Esv3-Type2,"Vantage for instance specs (https://instances.vantage.sh/azure/), Azure docs for instance-host mapping, see README for details."
e4s_v3,4.0,32,64.0,0.0,0,Esv3-Type2,"Vantage for instance specs (https://instances.vantage.sh/azure/), Azure docs for instance-host mapping, see README for details."
e8s_v3,8.0,64,128.0,0.0,0,Esv3-Type2,"Vantage for instance specs (https://instances.vantage.sh/azure/), Azure docs for instance-host mapping, see README for details."
e16s_v3,16.0,128,256.0,0.0,0,Esv3-Type2,"Vantage for instance specs (https://instances.vantage.sh/azure/), Azure docs for instance-host mapping, see README for details."
e20s_v3,20.0,160,320.0,0.0,0,Esv3-Type2,"Vantage for instance specs (https://instances.vantage.sh/azure/), Azure docs for instance-host mapping, see README for details."
e32s_v3,32.0,256,512.0,0.0,0,Esv3-Type2,"Vantage for instance specs (https://instances.vantage.sh/azure/), Azure docs for instance-host mapping, see README for details."
e48s_v3,48.0,384,768.0,0.0,0,Esv3-Type2,"Vantage for instance specs (https://instances.vantage.sh/azure/), Azure docs for instance-host mapping, see README for details."
e64s_v3,64.0,432,864.0,0.0,0,Esv3-Type2,"Vantage for instance specs (https://instances.vantage.sh/azure/), Azure docs for instance-host mapping, see README for details."
d2ds_v6,2.0,8,110.0,0.0,0,Ddsv6-Type1,"Vantage for instance specs (https://instances.vantage.sh/azure/), Azure docs for instance-host mapping, see README for details."
d4ds_v6,4.0,16,220.0,0.0,0,Ddsv6-Type1,"Vantage for instance specs (https://instances.vantage.sh/azure/), Azure docs for instance-host mapping, see README for details."
d8ds_v6,8.0,32,440.0,0.0,0,Ddsv6-Type1,"Vantage for instance specs (https://instances.vantage.sh/azure/), Azure docs for instance-host mapping, see README for details."
d16ds_v6,16.0,64,880.0,0.0,0,Ddsv6-Type1,"Vantage for instance specs (https://instances.vantage.sh/azure/), Azure docs for instance-host mapping, see README for details."
d32ds_v6,32.0,128,1760.0,0.0,0,Ddsv6-Type1,"Vantage for instance specs (https://instances.vantage.sh/azure/), Azure docs for instance-host mapping, see README for details."
d48ds_v6,48.0,192,2640.0,0.0,0,Ddsv6-Type1,"Vantage for instance specs (https://instances.vantage.sh/azure/), Azure docs for instance-host mapping, see README for details."
d64ds_v6,64.0,256,3520.0,0.0,0,Ddsv6-Type1,"Vantage for instance specs (https://instances.vantage.sh/azure/), Azure docs for instance-host mapping, see README for details."
d96ds_v6,96.0,384,5280.0,0.0,0,Ddsv6-Type1,"Vantage for instance specs (https://instances.vantage.sh/azure/), Azure docs for instance-host mapping, see README for details."
d128ds_v6,128.0,512,7040.0,0.0,0,Ddsv6-Type1,"Vantage for instance specs (https://instances.vantage.sh/azure/), Azure docs for instance-host mapping, see README for details."
d192ds_v6,192.0,768,10560.0,0.0,0,Ddsv6-Type1,"Vantage for instance specs (https://instances.vantage.sh/azure/), Azure docs for instance-host mapping, see README for details."
d2s_v6,2.0,8,0.0,0.0,0,Dsv6-Type1,"Vantage for instance specs (https://instances.vantage.sh/azure/), Azure docs for instance-host mapping, see README for details."
d4s_v6,4.0,16,0.0,0.0,0,Dsv6-Type1,"Vantage for instance specs (https://instances.vantage.sh/azure/), Azure docs for instance-host mapping, see README for details."
d8s_v6,8.0,32,0.0,0.0,0,Dsv6-Type1,"Vantage for instance specs (https://instances.vantage.sh/azure/), Azure docs for instance-host mapping, see README for details."
d16s_v6,16.0,64,0.0,0.0,0,Dsv6-Type1,"Vantage for instance specs (https://instances.vantage.sh/azure/), Azure docs for instance-host mapping, see README for details."
d32s_v6,32.0,128,0.0,0.0,0,Dsv6-Type1,"Vantage for instance specs (https://instances.vantage.sh/azure/), Azure docs for instance-host mapping, see README for details."
d48s_v6,48.0,192,0.0,0.0,0,Dsv6-Type1,"Vantage for instance specs (https://instances.vantage.sh/azure/), Azure docs for instance-host mapping, see README for details."
d64s_v6,64.0,256,0.0,0.0,0,Dsv6-Type1,"Vantage for instance specs (https://instances.vantage.sh/azure/), Azure docs for instance-host mapping, see README for details."
d96s_v6,96.0,384,0.0,0.0,0,Dsv6-Type1,"Vantage for instance specs (https://instances.vantage.sh/azure/), Azure docs for instance-host mapping, see README for details."
d128s_v6,128.0,512,0.0,0.0,0,Dsv6-Type1,"Vantage for instance specs (https://instances.vantage.sh/azure/), Azure docs for instance-host mapping, see README for details."
d192s_v6,192.0,768,0.0,0.0,0,Dsv6-Type1,"Vantage for instance specs (https://instances.vantage.sh/azure/), Azure docs for instance-host mapping, see README for details."
d2as_v6,2.0,8,0.0,0.0,0,Dasv6-Type1,"Vantage for instance specs (https://instances.vantage.sh/azure/), Azure docs for instance-host mapping, see README for details."
d4as_v6,4.0,16,0.0,0.0,0,Dasv6-Type1,"Vantage for instance specs (https://instances.vantage.sh/azure/), Azure docs for instance-host mapping, see README for details."
d8as_v6,8.0,32,0.0,0.0,0,Dasv6-Type1,"Vantage for instance specs (https://instances.vantage.sh/azure/), Azure docs for instance-host mapping, see README for details."
d16as_v6,16.0,64,0.0,0.0,0,Dasv6-Type1,"Vantage for instance specs (https://instances.vantage.sh/azure/), Azure docs for instance-host mapping, see README for details."
d32as_v6,32.0,128,0.0,0.0,0,Dasv6-Type1,"Vantage for instance specs (https://instances.vantage.sh/azure/), Azure docs for instance-host mapping, see README for details."
d48as_v6,48.0,192,0.0,0.0,0,Dasv6-Type1,"Vantage for instance specs (https://instances.vantage.sh/azure/), Azure docs for instance-host mapping, see README for details."
d64as_v6,64.0,256,0.0,0.0,0,Dasv6-Type1,"Vantage for instance specs (https://instances.vantage.sh/azure/), Azure docs for instance-host mapping, see README for details."
d96as_v6,96.0,384,0.0,0.0,0,Dasv6-Type1,"Vantage for instance specs (https://instances.vantage.sh/azure/), Azure docs for instance-host mapping, see README for details."
d2s_v3,2.0,8,16.0,0.0,0,Dsv3-Type1,"Vantage for instance specs (https://instances.vantage.sh/azure/), Azure docs for instance-host mapping, see README for details."
d4s_v3,4.0,16,32.0,0.0,0,Dsv3-Type1,"Vantage for instance specs (https://instances.vantage.sh/azure/), Azure docs for instance-host mapping, see README for details."
d8s_v3,8.0,32,64.0,0.0,0,Dsv3-Type1,"Vantage for instance specs (https://instances.vantage.sh/azure/), Azure docs for instance-host mapping, see README for details."
d16s_v3,16.0,64,128.0,0.0,0,Dsv3-Type1,"Vantage for instance specs (https://instances.vantage.sh/azure/), Azure docs for instance-host mapping, see README for details."
d32s_v3,32.0,128,256.0,0.0,0,Dsv3-Type1,"Vantage for instance specs (https://instances.vantage.sh/azure/), Azure docs for instance-host mapping, see README for details."
d48s_v3,48.0,192,384.0,0.0,0,Dsv3-Type1,"Vantage for instance specs (https://instances.vantage.sh/azure/), Azure docs for instance-host mapping, see README for details."
d64s_v3,64.0,256,512.0,0.0,0,Dsv3-Type1,"Vantage for instance specs (https://instances.vantage.sh/azure/), Azure docs for instance-host mapping, see README for details."
d2s_v3,2.0,8,16.0,0.0,0,Dsv3-Type2,"Vantage for instance specs (https://instances.vantage.sh/azure/), Azure docs for instance-host mapping, see README for details."
d4s_v3,4.0,16,32.0,0.0,0,Dsv3-Type2,"Vantage for instance specs (https://instances.vantage.sh/azure/), Azure docs for instance-host mapping, see README for details."
d8s_v3,8.0,32,64.0,0.0,0,Dsv3-Type2,"Vantage for instance specs (https://instances.vantage.sh/azure/), Azure docs for instance-host mapping, see README for details."
d16s_v3,16.0,64,128.0,0.0,0,Dsv3-Type2,"Vantage for instance specs (https://instances.vantage.sh/azure/), Azure docs for instance-host mapping, see README for details."
d32s_v3,32.0,128,256.0,0.0,0,Dsv3-Type2,"Vantage for instance specs (https://instances.vantage.sh/azure/), Azure docs for instance-host mapping, see README for details."
d48s_v3,48.0,192,384.0,0.0,0,Dsv3-Type2,"Vantage for instance specs (https://instances.vantage.sh/azure/), Azure docs for instance-host mapping, see README for details."
d64s_v3,64.0,256,512.0,0.0,0,Dsv3-Type2,"Vantage for instance specs (https://instances.vantage.sh/azure/), Azure docs for instance-host mapping, see README for details."
