english_name,french_name,unit,source,priority,reference_year,name,WOR,EEE,ZWE,ZMB,ZAF,YEM,VNM,VEN,UZB,URY,USA,UKR,TZA,TWN,TTO,TUR,TUN,TKM,TJK,THA,TGO,SYR,SLV,SEN,SVK,SVN,SGP,SWE,SDN,SAU,RUS,SCG,ROU,QAT,PRY,PRT,POL,PAK,PHL,PER,PAN,OMN,NZL,NPL,NOR,NLD,NIC,NGA,NAM,MOZ,MYS,MEX,MLT,MNG,MMR,MKD,MDA,MAR,LBY,LVA,LUX,LTU,LKA,LBN,KAZ,KWT,KOR,PRK,KHM,KGZ,KEN,JPN,JOR,JAM,ITA,ISL,IRN,IRQ,IND,ISR,IRL,IDN,HUN,HTI,HRV,HND,HKG,GTM,GRC,GIB,GHA,GEO,GBR,GAB,FRA,FIN,ETH,ESP,ERI,EGY,EST,ECU,DZA,DOM,DNK,DEU,CZE,CYP,CUB,CRI,COL,CHN,CMR,CHL,CIV,CHE,COG,COD,CAN,BLR,BWA,BRA,BOL,BRN,BEN,BHR,BGR,BEL,BGD,BIH,AZE,AUS,AUT,ARG,AGO,ANT,ARM,ALB,ARE
,,,,,,country,World,Europe,Zimbabwe,Zambia,South Africa,Yemen,Vietnam,Venezuela,Uzbekistan,Uruguay,United States,Ukraine,"Tanzania, United Republic Of",Taiwan,Trinidad and Tobago,Turkey,Tunisia,Turkmenistan,Tajikistan,Thailand,Togo,Syria,El Salvador,Senegal,Slovakia,Slovenia,Singapore,Sweden,Sudan,Saudi Arabia,Russian Federation,Serbie ,Romania,Qatar,Paraguay,Portugal,Poland,Pakistan,Philippines,Peru,Panama,Oman,New Zealand,Nepal,Norway,Netherlands,Nicaragua,Nigeria,Namibia,Mozambique,Malaysia,Mexico,Malta,Mongolia,Myanmar,North Macedonia,"Moldova, Republic Of",Morocco,Libya,Latvia,Luxembourg,Lithuania,Sri Lanka,Lebanon,Kazakhstan,Kuwait,"Korea, Republic Of","Korea, Democratic People's Republic Of",Cambodia,Kyrgyzstan,Kenya,Japan,Jordan,Jamaica,Italy,Iceland,"Iran, Islamic Republic Of",Iraq,India,Israel,Ireland,Indonesia,Hungary,Haiti,Croatia,Honduras,Hong Kong,Guatemala,Greece,Gibraltar,Ghana,Georgia,United Kingdom,Gabon,France,Finland,Ethiopia,Spain,Eritrea,Egypt,Estonia,Ecuador,Algeria,Dominican Republic,Denmark,Germany,Czech Republic,Cyprus,Cuba,Costa Rica,Colombia,China,Cameroon,Chile,Cote D'ivoire,Switzerland,Congo,"Congo, The Democratic Republic Of The",Canada,Belarus,Botswana,Brazil,Bolivia,Brunei Darussalam,Benin,Bahrain,Bulgaria,Belgium,Bangladesh,Bosnia-Herzegovina,Azerbaijan,Australia,Austria,Argentina,Angola,Netherlands Antilles,Armenia,Albania,United Arab Emirates
Acidification,Acidification,mol éq. H+,ADEME Base IMPACTS ®,3,2011,ap,2.32766,0.223813,0.0108432,0.000153449,0.0151197,0.0322861,0.00452596,0.00558046,0.00348012,0.00834624,0.0036712,0.000894734,0.00155966,0.00861254,0.00245014,0.0117462,0.00582212,0.00304619,0.0000684273,0.00709655,0.0127167,0.0233106,0.0111793,0.0275064,0.00158928,0.000317265,0.00617875,0.000205792,0.0275295,0.0157798,0.000142687,0.041515,0.00166774,0.00160631,0.00000757481,0.00013267,0.00949766,0.00740151,0.00761762,0.00213338,0.0118683,0.0118503,0.00151872,0.000128768,0.0000431434,0.00105822,0.0253725,0.00443329,0.00462983,0.0000138435,0.0056805,0.00942221,0.0125114,0.0497006,0.00458418,0.000984843,0.000269757,0.0136214,0.0286137,0.00011583,0.000455209,0.000196951,0.0106068,0.0265856,0.015495,0.020822,0.00119496,0.0100174,0.0423186,0.000866085,0.0138865,0.00118065,0.00647612,0.0295359,0.000133352,0.00000520141,0.0137834,0.0412593,0.0162766,0.004751,0.00116532,0.0101653,0.000351881,0.0353956,0.000455381,0.0171573,0.00659989,0.0148761,0.0000921877,0.00509549,0.0123342,0.000293755,0.00216912,0.00983877,0.000209809,0.000301427,0.0049108,0.000229486,0.0283053,0.00574836,0.00291674,0.015548,0.00320257,0.0202354,0.00187003,0.00176241,8.37957,0.00918807,0.0329449,0.00227557,0.00190121,0.00896069,0.00713268,0.00986434,0.00280879,0.0000404326,0.00241418,0.0000586592,0.00144613,0.000986305,0.0273757,0.00166165,0.00164035,0.0018839,0.0298067,0.00213309,0.000850411,0.000786419,0.00324881,0.0019801,0.00262851,0.00631493,0.000185756,0.00327536,0.0113371,0.0107951,0.000726222,0.0000031651,0.00330672
Ozone depletion,Appauvrissement de la couche d'ozone,kg éq. CFC 11,ADEME Base IMPACTS ®,3,2011,odp,0.000000000243647,0.000000000181674,0,0,0,0,0,0,0,0,0.000000000129244,0,0,0,0,0,0,0,0,0,0,0,0,0,0,0,0,0,0,0,0,0,0,0,0,0,0,0,0,0,0,0,0,0,0,0,0,0,0,0,0,0,0,0,0,0,0,0,0,0,0,0,0,0,0,0,0.000000000146386,0,0,0,0,0.000000000119499,0,0,0,0,0,0,0,0,0,0,0,0,0,0,0,0,0,0,0,0,0,0,0.000000000877128,0,0,0,0,0,0,0,0,0,0,0,0,0,0,0,0,0,0,0,0,0.000000000216922,0,0,0,0,0,0,0,0,0,0,0,0.000000000592112,0,0,0,0,0,0,0,0,0,0,0
Climate change-Biogenic,Changement climatique - Biogénique,kg éq. CO2,ADEME Base IMPACTS ®,3,2011,gwpb,0,0,0,0,0,0,0,0,0,0,0,0,0,0,0,0,0,0,0,0,0,0,0,0,0,0,0,0,0,0,0,0,0,0,0,0,0,0,0,0,0,0,0,0,0,0,0,0,0,0,0,0,0,0,0,0,0,0,0,0,0,0,0,0,0,0,0,0,0,0,0,0,0,0,0,0,0,0,0,0,0,0,0,0,0,0,0,0,0,0,0,0,0,0,0,0,0,0,0,0,0,0,0,0,0,0,0,0,0,0,0,0,0,0,0,0,0,0,0,0,0,0,0,0,0,0,0,0,0,0,0,0,0,0,0,0,0,0,0
Climate change-Fossil,Changement climatique - Fossile,kg éq. CO2,ADEME Base IMPACTS ®,3,2011,gwpf,0.590478,0.509427,0.842811,0.0141304,1.17562,1.06777,0.555572,0.497373,0.81178,0.296953,0.67978,0.646745,0.475635,0.845351,0.933059,0.706988,0.80722,1.38296,0.0426743,0.646174,0.545455,1.08778,0.473128,1.1195,0.309341,0.498523,0.655825,0.0464664,1.12472,0.913677,0.66131,1.07808,0.664245,0.722125,0.241601,0.571172,1.15075,0.748727,0.761317,0.284364,0.53403,1.41292,0.293397,0.0841323,0.023754,0.544803,0.941626,0.693123,0.357253,0.00880732,0.832206,0.739214,1.31149,1.47192,0.48193,1.24074,1.04213,0.933694,1.35361,0.234273,0.490016,0.154229,0.709185,0.883627,1.128,0.885084,0.599585,0.797361,1.41054,0.156039,0.589603,0.540891,0.781372,1.07345,0.621329,0.0194609,0.930385,1.48728,1.58299,0.901842,0.648118,0.875394,0.541558,1.3858,0.535759,0.692837,0.95888,0.645801,1.13127,0.977477,0.540126,0.132046,0.602137,0.732511,0.0813225,0.322068,0.251299,0.467803,1.13153,0.587775,1.51492,0.627714,1.02318,0.909252,0.633534,0.657374,0.799077,0.978041,1.28325,0.224471,0.214014,1.05738,0.456622,0.574415,0.928583,0.0448568,0.904053,0.0613102,0.238191,0.795697,2.12572,0.278647,0.585131,0.997577,1.19128,0.804567,0.827087,0.256537,0.795168,1.56025,0.726126,1.12326,0.245573,0.476811,0.412014,1.13161,0.252002,0.0207635,1.09088
Climate change-Land use,Changement climatique - Usage des sols,kg éq. CO2,ADEME Base IMPACTS ®,3,2011,gwplu,0,0,0,0,0,0,0,0,0,0,0,0,0,0,0,0,0,0,0,0,0,0,0,0,0,0,0,0,0,0,0,0,0,0,0,0,0,0,0,0,0,0,0,0,0,0,0,0,0,0,0,0,0,0,0,0,0,0,0,0,0,0,0,0,0,0,0,0,0,0,0,0,0,0,0,0,0,0,0,0,0,0,0,0,0,0,0,0,0,0,0,0,0,0,0,0,0,0,0,0,0,0,0,0,0,0,0,0,0,0,0,0,0,0,0,0,0,0,0,0,0,0,0,0,0,0,0,0,0,0,0,0,0,0,0,0,0,0,0
Freshwater eutrophication,Eutrophisation eaux douces,kg éq. P,ADEME Base IMPACTS ®,3,2011,epf,0.0000000656679,0.0000000289737,0.0000000147186,0.0000000030261,0.0000000212354,0.000000140475,0.0000000107741,0.0000000224598,0.00000000944821,0.0000000380918,0.0000000260248,0.0000000325119,0.00000000488341,0.0000000350426,0.00000000809717,0.0000000113407,0.0000000135556,0.00000000990033,0.00000000261761,0.0000000526191,0.0000000378257,0.000000099046,0.0000000473146,0.0000000773497,0.0000000276725,0.0000000212957,0.0000000168319,0.0000000220231,0.0000000785106,0.0000000655251,0.0000000168588,0.00000000506103,0.0000000131775,0.00000000133782,0.00000000197263,0.0000000254454,0.0000000191034,0.0000000572261,0.0000000140684,0.00000000930194,0.000000050891,0.0000000436186,0.00000000425483,0.00000000532704,0.00000000242092,0.0000000219265,0.000000105866,0.00000000956342,0.0000000078745,0.00000000240462,0.0000000100137,0.0000000325177,0.000000236404,0.0000000232598,0.0000000159112,0.000000018559,0.0000000102375,0.0000000306414,0.0000000806024,0.00000000526384,0.0000000130753,0.0000000337025,0.0000000880426,0.0000001157,0.000000032311,0.0000000884134,0.000000025523,0.0000000192238,0.000000132092,0.00000000454515,0.0000000402956,0.0000000351441,0.0000000237425,0.000000124283,0.0000000296479,0.00000000111006,0.0000000551715,0.000000174953,0.0000000463076,0.0000000240216,0.0000000161848,0.0000000445003,0.0000000275721,0.000000149927,0.0000000382281,0.0000000726321,0.000000016039,0.0000000530424,0.0000000360452,0.00000016885,0.000000037253,0.00000000320319,0.0000000399035,0.0000000270648,0.0000000326897,0.0000000215864,0.0000000168782,0.0000000228166,0.0000000795677,0.0000000157497,0.0000000343629,0.0000000696359,0.00000000420252,0.00000007715,0.0000000383109,0.0000000307766,0.0000000196767,0.000000173637,0.000000138206,0.0000000108704,0.00000000540976,0.0000000221258,0.0000000215453,0.0000000355991,0.00000000319861,0.0000000290967,0.00000000579099,0.00000000334038,0.0000000138913,0.0000000153448,0.0000000337534,0.00000000921589,0.0000000103461,0.00000000369545,0.0000000835947,0.0000000034878,0.0000000284254,0.0000000303808,0.000000013234,0.0000000133548,0.0000000179234,0.0000000127617,0.0000000128754,0.0000000181342,0.0000000346081,0.000000204045,0.0000000209957,0.00000000552942,0.0000000065055
Marine eutrophication,Eutrophisation marine,kg éq. N,ADEME Base IMPACTS ®,3,2011,epm,0.000919002,0.000326757,0.00130601,0.00000929379,0.00183076,0.00129782,0.000707446,0.000354236,0.000789202,0.000290653,0.000395213,0.00110678,0.000312165,0.00123681,0.000812541,0.000811605,0.000776526,0.00133943,0.0000289468,0.000755223,0.000526342,0.00125559,0.000282541,0.0011013,0.000220548,0.000380012,0.000684381,0.0000428489,0.0010692,0.00102892,0.000767913,0.000740669,0.000619031,0.000682384,0.00000234256,0.000570782,0.000906413,0.000810736,0.00106279,0.000209555,0.000251079,0.00141432,0.000367632,0.0000137777,0.00000626955,0.000257177,0.00071837,0.000529892,0.000546063,0.00000341326,0.000968849,0.0007494,0.00134933,0.00149777,0.000461888,0.000867563,0.00101507,0.00156748,0.0014872,0.000123813,0.000181982,0.0000793731,0.000816111,0.00107283,0.00194164,0.0010237,0.00027197,0.00166439,0.00180372,0.000173793,0.000612007,0.00025964,0.000831663,0.000619377,0.000281486,0.00000159081,0.000984958,0.00163103,0.00242939,0.000978758,0.000450332,0.00120889,0.000273159,0.000733893,0.000424361,0.000401997,0.00177535,0.000843136,0.000629205,0.000656225,0.000481192,0.000118222,0.000509739,0.000609116,0.0000761251,0.000231787,0.000193722,0.000364584,0.00109802,0.000616218,0.000588297,0.000542785,0.000943291,0.000685957,0.000439988,0.000265063,0.000722665,0.000741503,0.00078931,0.0000572226,0.000181783,0.00235429,0.000372621,0.000572603,0.000703228,0.0000293411,0.000616224,0.00000775047,0.000203951,0.000789831,0.00330841,0.00015293,0.000356727,0.000612467,0.00115612,0.000825013,0.000581099,0.000164853,0.000808687,0.00219132,0.000731823,0.0012538,0.000109517,0.00033377,0.000484351,0.00116425,0.000250116,0.0000150747,0.00112156
Terrestrial eutrophication,Eutrophisation terrestre,mol éq. N,ADEME Base IMPACTS ®,3,2011,ept,0.0100736,0.00141835,0.0143157,0.000101635,0.0200646,0.0141959,0.00775004,0.00387694,0.00864454,0.00318659,0.0042979,0.00220667,0.00341813,0.0135506,0.00889856,0.00888797,0.00848673,0.014672,0.000316994,0.00829332,0.00575964,0.0137387,0.00310472,0.0120508,0.00102718,0.00171459,0.00749474,0.000147182,0.0116992,0.0112604,0.00125227,0.00816298,0.0015191,0.00747355,0.000025543,0.000822385,0.00488169,0.00882112,0.0116431,0.00229703,0.00276077,0.0154852,0.00402799,0.000149787,0.0000109154,0.00140544,0.00789033,0.00580222,0.00598542,0.0000372896,0.0106159,0.00821199,0.0147522,0.0164106,0.00505727,0.00223784,0.00195514,0.0171738,0.0162669,0.000462168,0.00169039,0.000305755,0.00884707,0.011735,0.0212819,0.0112001,0.00296136,0.01817,0.0197402,0.00190427,0.00669775,0.00283596,0.00910536,0.00681084,0.00108983,0.0000176483,0.0107801,0.0178403,0.0266197,0.0106971,0.00072014,0.013241,0.00115603,0.00807043,0.00136138,0.00441835,0.0193819,0.00924567,0.000487113,0.00716418,0.00526515,0.00129489,0.00141506,0.00666756,0.00049761,0.000850318,0.00211964,0.000822659,0.0120145,0.00674719,0.00220604,0.00595156,0.0103064,0.0075307,0.00187685,0.00195809,0.00462839,0.00812853,0.00867472,0.000628934,0.00199395,0.0256924,0.00407826,0.0062813,0.00770167,0.000255719,0.00674865,0.0000847642,0.00222366,0.00297584,0.0362649,0.00167224,0.00390836,0.00670817,0.0126502,0.00903507,0.000680296,0.0011414,0.00884755,0.00579339,0.00801466,0.0137287,0.000641618,0.00365349,0.00530032,0.0127287,0.00270589,0.0000387635,0.0122824
Photochemical ozone formation,Formation d'ozone photochimique,kg éq. COVNM,ADEME Base IMPACTS ®,3,2011,pocp,0.00276809,0.00101639,0.00393688,0.0000344894,0.00551237,0.00529964,0.00207021,0.00129861,0.00229461,0.00136604,0.00123536,0.00327696,0.00105159,0.00372411,0.00240094,0.00282244,0.0024774,0.00373251,0.0000808297,0.00238699,0.00239681,0.00463733,0.00153242,0.00507728,0.000748539,0.00107077,0.00218365,0.000136489,0.00498193,0.00359476,0.00229249,0.00446052,0.00226436,0.0019073,0.00000665502,0.00182535,0.0027977,0.00262641,0.00316428,0.000722177,0.00147958,0.00448549,0.00103555,0.0000443897,0.0000183031,0.00072543,0.00370987,0.00190795,0.00165372,0.00000994086,0.00284716,0.00260024,0.00433132,0.00687614,0.00147337,0.00449498,0.00283877,0.00483222,0.00571993,0.000361534,0.000525301,0.000240109,0.00280876,0.00437452,0.00582676,0.00392089,0.000812525,0.00482042,0.00726782,0.000501901,0.00272822,0.000812144,0.00251761,0.00366674,0.000905097,0.00000494368,0.00347319,0.00707176,0.00710474,0.00278252,0.00128994,0.00369369,0.000818511,0.00436862,0.00130626,0.00225655,0.00491845,0.00332919,0.00225902,0.00220936,0.00223767,0.000330773,0.00143383,0.00248083,0.000210846,0.000680254,0.000896467,0.00119734,0.00511906,0.0019501,0.00211295,0.00250741,0.00279331,0.00316202,0.00122064,0.000753465,0.00223275,0.00254338,0.00436554,0.000310596,0.000614095,0.00649117,0.00158489,0.00220968,0.00234125,0.0000851181,0.00205,0.0000258907,0.000624265,0.00223522,0.00996513,0.000554689,0.0011009,0.00183318,0.00539005,0.00223211,0.00315384,0.000481893,0.00239822,0.00706082,0.0020899,0.0035306,0.000336152,0.00113118,0.00201738,0.0037372,0.000698162,0.0000478961,0.00305836
Particulate matter,Particules,incidence de maladie,ADEME Base IMPACTS ®,3,2011,pm,0.000000160821,0.0000000286019,0.0000000921358,0.00000000133189,0.000000128452,0.000000273675,0.000000114378,0.000000046252,0.0000000327611,0.000000071165,0.0000000277652,0.000000138074,0.000000010929,0.000000239765,0.0000000171268,0.000000131728,0.000000045518,0.0000000179016,0.000000000461141,0.0000000960206,0.000000106376,0.000000195761,0.0000000966868,0.000000230567,0.0000000555128,0.000000013724,0.0000000493754,0.00000000116319,0.000000231237,0.000000131486,0.0000000671207,0.000000419833,0.000000140503,0.00000000960493,0,0.0000000343976,0.0000000915555,0.0000000736086,0.000000212811,0.0000000235305,0.00000010342,0.0000000941317,0.0000000121104,0.00000000126138,0.000000000182201,0.0000000070921,0.000000218209,0.0000000336922,0.0000000393471,0.000000000150938,0.000000176359,0.0000000992326,0.000000111449,0.000000494626,0.0000000374975,0.000000411094,0.0000000160832,0.000000210405,0.00000023943,0.00000000196874,0.00000000239846,0.00000000410786,0.0000000987462,0.000000225332,0.000000264738,0.000000175208,0.0000000116396,0.000000250606,0.000000357167,0.0000000126775,0.000000115563,0.00000000972218,0.0000000516003,0.000000257389,0.0000000123206,0,0.000000113757,0.000000347918,0.000000578956,0.0000000412128,0.0000000232502,0.000000240609,0.00000000685479,0.000000308614,0.0000000328419,0.000000148881,0.000000239124,0.000000145705,0.000000173939,0.0000000382928,0.000000103639,0.00000000193803,0.0000000198593,0.0000000803832,0.00000000415844,0.00000000905851,0.0000000412989,0.0000000300833,0.000000237731,0.0000000463868,0.000000202854,0.000000133196,0.0000000215502,0.000000197705,0.0000000104691,0.0000000102637,0.0000000708615,0.0000000769551,0.000000286374,0.0000000197129,0.0000000291407,0.000000332057,0.0000000590049,0.000000129844,0.0000000175649,0.000000000879124,0.0000000151924,0.000000000527255,0.0000000233512,0.0000000188692,0.000000232579,0.0000000169312,0.0000000136781,0.000000019879,0.000000250341,0.0000000138262,0.00000028812,0.00000000615068,0.0000000465504,0.0000004189,0.0000000223105,0.000000111701,0.00000000318657,0.000000030122,0.0000000953959,0.0000000961629,0.0000000054582,0.00000000161553,0.0000000223351
Ionising radiation,Radiations ionisantes,éq. kBq U235,ADEME Base IMPACTS ®,3,2011,ir,0.91047,1.16845,0.00197898,0.000872866,0.168572,0.00017591,0.000798202,0.000522087,0.00289178,0.00125038,0.820285,1.68909,0.000914319,0.890799,0.0138459,0.00195525,0.000127346,0.00177573,0.000827221,0.000543322,0.000835395,0.000225553,0.00268877,0.000316898,1.81252,1.21392,0.000335193,2.29525,0.000614382,0.000145872,0.560806,0.00725478,0.781291,0.000147628,0.000652441,0.0038017,0.00477354,0.136022,0.000778564,0.00528562,0.00297069,0.000278214,0.000511375,0.00146016,0.000834535,0.158222,0.00578673,0.00041228,0.00127405,0.000784793,0.000643543,0.18009,0.0101033,0.00138435,0.000933335,0.00775511,0.00156095,0.00185227,0.000154635,0.0051095,0.00541509,3.27769,0.00227721,0.000165623,0.0211208,0.000147003,1.06603,0.00193524,0.000446268,0.00191423,0.000633684,1.32659,0.000157263,0.00662388,0.00582612,0.000359686,0.000193607,0.000286924,0.106842,0.00279906,0.00122103,0.000692611,1.29849,0.00821817,0.012149,0.00406144,0.00191894,0.00325514,0.00293517,0.0138927,0.000960973,0.000840966,0.711931,0.00071639,3.23443,1.51162,0.00105842,0.715428,0.000223395,0.000266022,0.0316162,0.00393563,0.000107355,0.0058379,0.0142833,0.958296,1.045,0.00302761,0.0087461,0.00104557,0.00330565,0.0649514,0.000898011,0.00093896,0.00061651,1.7797,0.00162449,0.00105696,0.632203,0.00198325,0.00398508,0.107331,0.013377,0.000190829,0.000198363,0.000147554,1.32168,1.7516,0.00410486,0.00438264,0.00168085,0.00103208,0.00384439,0.241544,0.00190206,0.00874025,1.56547,0.0014664,0.000156893
Fossile resource use,Utilisation de ressources fossiles,MJ,ADEME Base IMPACTS ®,3,2011,adpf,6.47232,8.54775,7.75488,0.0899182,11.357,14.4784,6.90029,4.91294,12.9214,3.76496,9.68839,12.2117,5.85267,10.9587,14.289,8.78547,12.5148,23.3003,0.47913,9.04947,5.91196,16.0882,5.11384,13.0059,8.81838,8.42927,10.3089,4.73005,12.8292,14.0581,10.9691,10.311,9.13293,11.8805,0.0195104,6.58133,11.1352,10.886,8.41763,4.09731,5.46562,22.3058,3.98174,0.136678,0.138646,7.48147,11.5328,9.18115,3.27705,0.0336206,10.5875,9.97318,16.3514,14.5244,6.67008,12.1032,17.4518,9.96974,19.116,3.7781,8.0213,10.6476,8.75993,11.995,11.7616,12.7407,9.91356,7.96882,18.2978,2.04559,6.41661,9.11048,13.0065,13.5858,7.93507,0.0127787,14.1505,19.0682,16.6775,9.77261,8.06139,9.7582,10.5942,16.2948,6.45485,7.86534,10.8916,6.92612,10.5179,11.9066,5.76524,2.01194,9.09764,8.95565,9.31353,6.2915,2.31252,7.48386,13.1822,9.35887,14.2926,8.32126,16.2778,11.121,6.64536,8.74769,11.103,11.9763,16.5378,1.05791,2.71273,10.6736,5.14394,6.43404,12.5653,4.73617,11.4735,0.0969636,4.19546,13.0352,19.6029,1.7701,9.2001,15.6889,13.8784,14.0361,12.118,8.98759,12.702,14.868,11.7022,12.2247,2.83632,7.88884,5.04069,14.1087,9.07189,0.2005,18.9746
Minerals and metal resource use,Utilisation de ressources minérales et métalliques,kg éq. Sb,ADEME Base IMPACTS ®,3,2011,adpe,0.0000000737708,0.0000000642317,0.000000109502,0.000000162193,0.0000000862445,0.0000000163908,0.0000000945573,0.000000112811,0.000000103681,0.000000104586,0.0000000985548,0.0000000647907,0.000000132261,0.0000000578088,0.000000064552,0.0000000749765,0.0000000177021,0.000000131822,0.000000152621,0.0000000569593,0.000000134255,0.0000000268396,0.0000000472135,0.0000000470662,0.0000000606109,0.0000000992283,0.0000000198459,0.0000000777062,0.0000000955701,0.0000000134206,0.0000000960312,0.000000132772,0.0000000981761,0.00000001324,0.000000149181,0.0000000341863,0.000000101946,0.0000000842952,0.0000000595304,0.0000000952688,0.0000000790553,0.0000000374073,0.0000000720474,0.000000238273,0.000000127486,0.0000000329318,0.0000000414983,0.0000000621,0.000000128285,0.000000148382,0.000000044938,0.0000000578358,0.000000049475,0.000000176361,0.000000152699,0.000000119873,0.000000110674,0.0000000641089,0.0000000206592,0.000000153757,0.000000105692,0.0000000294596,0.0000000986932,0.0000000182134,0.000000135386,0.0000000141168,0.0000000518017,0.000000117457,0.0000000319202,0.000000181827,0.0000000958533,0.0000000596578,0.0000000147031,0.0000000196047,0.00000005439,0.0000000781905,0.0000000220304,0.0000000404306,0.000000100099,0.0000000610194,0.0000000219257,0.0000000610451,0.0000000644587,0.0000000937057,0.000000153989,0.0000000649373,0.0000000816213,0.0000000803251,0.0000000691645,0.0000000286211,0.000000156003,0.000000137999,0.0000000370973,0.000000113843,0.0000000485798,0.0000000805114,0.000000174161,0.0000000518326,0.0000000512406,0.000000033925,0.0000000990171,0.000000127168,0.0000000216438,0.0000000429285,0.0000000157411,0.0000000878733,0.0000000817565,0.0000000448771,0.0000000299542,0.0000000863908,0.000000122031,0.0000000851552,0.000000146313,0.000000105851,0.0000000949004,0.000000100467,0.000000265575,0.000000174647,0.0000000993179,0.0000000840478,0.0000000866014,0.00000010962,0.0000000969793,0.0000000185641,0.0000000239702,0.0000000135014,0.0000000823611,0.0000000337201,0.0000000394158,0.000000148007,0.000000092567,0.0000000790846,0.000000141124,0.0000000768612,0.000000124074,0.0000000449103,0.0000000854245,0.000000229556,0.0000000141548
Land use,Utilisation des sols,sans dimension (pt),ADEME Base IMPACTS ®,3,2011,lu,0,0,0,0,0,0,0,0,0,0,0,0,0,0,0,0,0,0,0,0,0,0,0,0,0,0,0,0,0,0,0,0,0,0,0,0,0,0,0,0,0,0,0,0,0,0,0,0,0,0,0,0,0,0,0,0,0,0,0,0,0,0,0,0,0,0,0,0,0,0,0,0,0,0,0,0,0,0,0,0,0,0,0,0,0,0,0,0,0,0,0,0,0,0,0,0,0,0,0,0,0,0,0,0,0,0,0,0,0,0,0,0,0,0,0,0,0,0,0,0,0,0,0,0,0,0,0,0,0,0,0,0,0,0,0,0,0,0,0
%renewable_energy,%renewable_energy,%,https://en.wikipedia.org/wiki/List_of_countries_by_renewable_electricity_production from IRENA,3,2016,renewable_energy,35.20%,33.60%,51.90%,95.00%,3.20%,10.90%,38.60%,67.60%,25.60%,96.50%,14.70%,5.60%,37.10%,4.20%,0.00%,45.60%,3.00%,0.00%,97.50%,13.10%,73.10%,5.30%,60.70%,10.40%,24.50%,30.60%,1.60%,57.10%,56.70%,0.00%,16.90%,27.60%,41.40%,0.30%,100.00%,53.50%,15.50%,32.70%,24.30%,50.10%,66.60%,0.00%,83.90%,65.50%,97.20%,12.10%,53.30%,18.60%,99.30%,83.70%,13.70%,15.30%,15.60%,3.90%,52.80%,36.70%,5.30%,14.80%,0.00%,54.20%,20.80%,49.40%,27.70%,2.80%,11.30%,0.10%,2.80%,75.70%,47.20%,86.70%,90.70%,15.00%,4.90%,8.20%,37.30%,100.00%,5.80%,6.40%,18.10%,2.50%,24.70%,15.90%,10.10%,19.20%,65.20%,50.10%,,51.70%,27.40%,,42.90%,80.70%,33.00%,68.40%,17.50%,44.20%,93.60%,38.10%,0.80%,8.20%,12.50%,60.20%,0.60%,10.40%,60.50%,46.20%,11.30%,8.70%,4.50%,97.70%,62.90%,24.40%,52.40%,43.30%,15.00%,59.80%,66.40%,100.00%,65.00%,1.20%,0.20%,80.40%,20.60%,0.00%,3.20%,0.00%,15.70%,16.60%,1.80%,31.50%,8.80%,27.70%,74.30%,21.50%,70.30%,,32.20%,100.00%,0.30%
Consommation d'energie primaire,Consumption of primary energy,MJ,ADPf / (1-%renewable_energy),3,2011 & 2016,pe,9.988,12.873,16.122,1.798,11.732,16.250,11.238,15.163,17.367,107.570,11.358,12.936,9.305,11.439,14.289,16.150,12.902,23.300,19.165,10.414,21.978,16.989,13.012,14.516,11.680,12.146,10.477,11.026,29.629,14.058,13.200,14.242,15.585,11.916,0.020,14.153,13.178,16.175,11.120,8.211,16.364,22.306,24.731,0.396,4.952,8.511,24.696,11.279,468.150,0.206,12.268,11.775,19.374,15.114,14.132,19.120,18.429,11.702,19.116,8.249,10.128,21.043,12.116,12.341,13.260,12.753,10.199,32.793,34.655,15.380,68.996,10.718,13.677,14.799,12.656,0.013,15.022,20.372,20.363,10.023,10.706,11.603,11.784,20.167,18.548,15.762,,14.340,14.487,,10.097,10.425,13.579,28.341,11.289,11.275,36.133,12.090,13.289,10.195,16.334,20.908,16.376,12.412,16.824,16.260,12.517,13.118,17.317,45.996,7.312,14.119,10.807,11.348,14.783,11.782,34.147,0.097,11.987,13.194,19.642,9.031,11.587,15.689,14.337,14.036,14.375,10.776,12.935,21.705,12.831,16.908,11.036,10.049,16.972,,13.380,0.201,19.032
Climate change,Changement climatique,kg éq. CO2,https://www.sciencedirect.com/science/article/pii/S0306261921012149,1,2019,gwp,,0.38,,,,,,,,,,0.492,,,,0.588,,,,,,,,,0.346,0.307,,0.04,,,,0.9,0.464,,,0.324,0.805,,,,,,,,0.031,0.45,,,,,,,0.463,,,,0.488,,,0.325,0.338,0.321,,,,,,,,,,,,,0.356,0.026,,,,,0.384,,0.338,,0.372,,,,0.78,,,,,,0.098,0.141,,0.279,,,0.472,,,,0.158,0.422,,0.791,,,,,,,,0.078,,,,0.516,,,,,,,0.544,0.23,,,,,,,,,,0.024,
Climate change,Changement climatique,kg éq. CO2,https://ember-climate.org/data/data-explorer,2,2020,gwp,,,0.288,0.121,0.72,0.541,0.546,0.192,0.497,0.106,0.37,,0.387,0.563,0.52,,0.471,0.544,0.073,0.507,0.593,0.539,0.183,0.545,,,0.489,,0.266,0.57,0.347,,,0.49,0.024,,,0.356,0.578,0.231,0.243,0.49,0.149,0.023,,,0.351,0.398,0.048,0.134,0.589,0.411,,0.733,0.313,0.528,,0.625,0.552,,,,0.494,0.546,0.655,0.49,0.444,0.155,0.424,0.081,0.08,0.473,0.435,0.544,,,0.488,0.518,0.626,0.557,,0.663,,0.612,,0.346,,0.278,,,0.344,0.136,0.246,0.306,,,0.025,,0.652,0.471,,0.135,0.485,0.625,,,0.397,,0.61,0.033,0.211,0.55,0.254,0.387,0.421,,0.375,0.026,0.12,,0.8,0.113,0.32,0.659,0.652,0.49,,,0.55,0.522,0.537,0.56,0.264,0.353,0.173,,0.209,,0.472
Climate change,Changement climatique,kg éq. CO2,ADEME Base IMPACTS ®,3,2011,gwp,0.590478,0.509427,0.842811,0.0141304,1.17562,1.06777,0.555572,0.497373,0.81178,0.296953,0.67978,0.646745,0.475635,0.845351,0.933059,0.706988,0.80722,1.38296,0.0426743,0.646174,0.545455,1.08778,0.473128,1.1195,0.309341,0.498523,0.655825,0.0464664,1.12472,0.913677,0.66131,1.07808,0.664245,0.722125,0.241601,0.571172,1.15075,0.748727,0.761317,0.284364,0.53403,1.41292,0.293397,0.0841323,0.023754,0.544803,0.941626,0.693123,0.357253,0.00880732,0.832206,0.739214,1.31149,1.47192,0.48193,1.24074,1.04213,0.933694,1.35361,0.234273,0.490016,0.154229,0.709185,0.883627,1.128,0.885084,0.599585,0.797361,1.41054,0.156039,0.589603,0.540891,0.781372,1.07345,0.621329,0.0194609,0.930385,1.48728,1.58299,0.901842,0.648118,0.875394,0.541558,1.3858,0.535759,0.692837,0.95888,0.645801,1.13127,0.977477,0.540126,0.132046,0.602137,0.732511,0.0813225,0.322068,0.251299,0.467803,1.13153,0.587775,1.51492,0.627714,1.02318,0.909252,0.633534,0.657374,0.799077,0.978041,1.28325,0.224471,0.214014,1.05738,0.456622,0.574415,0.928583,0.0448568,0.904053,0.0613102,0.238191,0.795697,2.12572,0.278647,0.585131,0.997577,1.19128,0.804567,0.827087,0.256537,0.795168,1.56025,0.726126,1.12326,0.245573,0.476811,0.412014,1.13161,0.252002,0.0207635,1.09088
Climate change,Changement climatique,kg éq. CO2,Average of all country in the csv,2,2020 & 2019,gwp,0.39,,,,,,,,,,,,,,,,,,,,,,,,,,,,,,,,,,,,,,,,,,,,,,,,,,,,,,,,,,,,,,,,,,,,,,,,,,,,,,,,,,,,,,,,,,,,,,,,,,,,,,,,,,,,,,,,,,,,,,,,,,,,,,,,,,,,,,,,,,