instance,host,nbinstancesmax,nvme_units,nvme_capacity,ssd_embeded_capacity
e2s_v6,esv6-type1,32,,,
e4s_v6,esv6-type1,29,,,
e8s_v6,esv6-type1,14,,,
e16s_v6,esv6-type1,7,,,
e20s_v6,esv6-type1,5,,,
e32s_v6,esv6-type1,3,,,
e48s_v6,esv6-type1,2,,,
e64s_v6,esv6-type1,1,,,
e96s_v6,esv6-type1,1,,,
e2as_v6,easv6-type1,32,,,
e4as_v6,easv6-type1,21,,,
e8as_v6,easv6-type1,10,,,
e16as_v6,easv6-type1,5,,,
e20as_v6,easv6-type1,4,,,
e32as_v6,easv6-type1,2,,,
e48as_v6,easv6-type1,1,,,
e64as_v6,easv6-type1,1,,,
e96as_v6,easv6-type1,1,,,
e2ads_v5,eadsv5-type1,32,,,
e4ads_v5,eadsv5-type1,21,,,
e8ads_v5,eadsv5-type1,10,,,
e16ads_v5,eadsv5-type1,5,,,
e20ads_v5,eadsv5-type1,4,,,
e32ads_v5,eadsv5-type1,2,,,
e48ads_v5,eadsv5-type1,1,,,
e64ads_v5,eadsv5-type1,1,,,
e96ads_v5,eadsv5-type1,1,,,
e2as_v5,easv5-type1,32,,,
e4as_v5,easv5-type1,21,,,
e8as_v5,easv5-type1,10,,,
e16as_v5,easv5-type1,5,,,
e20as_v5,easv5-type1,4,,,
e32as_v5,easv5-type1,2,,,
e48as_v5,easv5-type1,1,,,
e64as_v5,easv5-type1,1,,,
e96as_v5,easv5-type1,1,,,
e2as_v4,easv4-type1,32,,,
e4as_v4,easv4-type1,21,,,
e8as_v4,easv4-type1,10,,,
e16as_v4,easv4-type1,5,,,
e20as_v4,easv4-type1,4,,,
e32as_v4,easv4-type1,2,,,
e48as_v4,easv4-type1,1,,,
e64as_v4,easv4-type1,1,,,
e96as_v4,easv4-type1,1,,,
e2as_v4,easv4-type2,32,,,
e4as_v4,easv4-type2,21,,,
e8as_v4,easv4-type2,10,,,
e16as_v4,easv4-type2,5,,,
e20as_v4,easv4-type2,4,,,
e32as_v4,easv4-type2,2,,,
e48as_v4,easv4-type2,1,,,
e64as_v4,easv4-type2,1,,,
e96as_v4,easv4-type2,1,,,
e2bds_v5,ebdsv5-type1,8,,,
e4bds_v5,ebdsv5-type1,8,,,
e8bds_v5,ebdsv5-type1,6,,,
e16bds_v5,ebdsv5-type1,3,,,
e32bds_v5,ebdsv5-type1,1,,,
e48bds_v5,ebdsv5-type1,1,,,
e64bds_v5,ebdsv5-type1,1,,,
e2bs_v5,ebsv5-type1,8,,,
e4bs_v5,ebsv5-type1,8,,,
e8bs_v5,ebsv5-type1,6,,,
e16bs_v5,ebsv5-type1,3,,,
e32bs_v5,ebsv5-type1,1,,,
e48bs_v5,ebsv5-type1,1,,,
e64bs_v5,ebsv5-type1,1,,,
ec2ads_v5,ecadsv5-type1,32,,,
ec4ads_v5,ecadsv5-type1,21,,,
ec8ads_v5,ecadsv5-type1,10,,,
ec16ads_v5,ecadsv5-type1,5,,,
ec20ads_v5,ecadsv5-type1,4,,,
ec32ads_v5,ecadsv5-type1,3,,,
ec48ads_v5,ecadsv5-type1,1,,,
ec64ads_v5,ecadsv5-type1,1,,,
ec96ads_v5,ecadsv5-type1,1,,,
ec2as_v5,ecasv5-type1,32,,,
ec4as_v5,ecasv5-type1,21,,,
ec8as_v5,ecasv5-type1,10,,,
ec16as_v5,ecasv5-type1,5,,,
ec20as_v5,ecasv5-type1,4,,,
ec32as_v5,ecasv5-type1,3,,,
ec48as_v5,ecasv5-type1,1,,,
ec64as_v5,ecasv5-type1,1,,,
ec96as_v5,ecasv5-type1,1,,,
e2ds_v5,edsv5-type1,32,,,
e4ds_v5,edsv5-type1,21,,,
e8ds_v5,edsv5-type1,10,,,
e16ds_v5,edsv5-type1,5,,,
e20ds_v5,edsv5-type1,4,,,
e32ds_v5,edsv5-type1,2,,,
e48ds_v5,edsv5-type1,1,,,
e64ds_v5,edsv5-type1,1,,,
e2ds_v4,edsv4-type1,31,,,
e4ds_v4,edsv4-type1,15,,,
e8ds_v4,edsv4-type1,7,,,
e16ds_v4,edsv4-type1,3,,,
e20ds_v4,edsv4-type1,3,,,
e32ds_v4,edsv4-type1,1,,,
e48ds_v4,edsv4-type1,1,,,
e64ds_v4,edsv4-type1,1,,,
e2ds_v4,edsv4-type2,32,,,
e4ds_v4,edsv4-type2,19,,,
e8ds_v4,edsv4-type2,9,,,
e16ds_v4,edsv4-type2,4,,,
e20ds_v4,edsv4-type2,3,,,
e32ds_v4,edsv4-type2,2,,,
e48ds_v4,edsv4-type2,1,,,
e64ds_v4,edsv4-type2,1,,,
e2s_v5,esv5-type1,32,,,
e4s_v5,esv5-type1,21,,,
e8s_v5,esv5-type1,10,,,
e16s_v5,esv5-type1,5,,,
e20s_v5,esv5-type1,4,,,
e32s_v5,esv5-type1,2,,,
e48s_v5,esv5-type1,1,,,
e64s_v5,esv5-type1,1,,,
e2s_v4,esv4-type1,31,,,
e4s_v4,esv4-type1,15,,,
e8s_v4,esv4-type1,7,,,
e16s_v4,esv4-type1,3,,,
e20s_v4,esv4-type1,3,,,
e32s_v4,esv4-type1,1,,,
e48s_v4,esv4-type1,1,,,
e64s_v4,esv4-type1,1,,,
e2s_v4,esv4-type2,32,,,
e4s_v4,esv4-type2,21,,,
e8s_v4,esv4-type2,10,,,
e16s_v4,esv4-type2,5,,,
e20s_v4,esv4-type2,4,,,
e32s_v4,esv4-type2,2,,,
e48s_v4,esv4-type2,1,,,
e64s_v4,esv4-type2,1,,,
e2s_v3,esv3-type1,28,,,
e4s_v3,esv3-type1,14,,,
e8s_v3,esv3-type1,7,,,
e16s_v3,esv3-type1,3,,,
e20s_v3,esv3-type1,2,,,
e32s_v3,esv3-type1,1,,,
e48s_v3,esv3-type1,1,,,
e64s_v3,esv3-type1,1,,,
e2s_v3,esv3-type2,31,,,
e4s_v3,esv3-type2,15,,,
e8s_v3,esv3-type2,7,,,
e16s_v3,esv3-type2,3,,,
e20s_v3,esv3-type2,3,,,
e32s_v3,esv3-type2,1,,,
e48s_v3,esv3-type2,1,,,
e64s_v3,esv3-type2,1,,,
e2s_v3,esv3-type3,31,,,
e4s_v3,esv3-type3,15,,,
e8s_v3,esv3-type3,7,,,
e16s_v3,esv3-type3,3,,,
e20s_v3,esv3-type3,3,,,
e32s_v3,esv3-type3,1,,,
e48s_v3,esv3-type3,1,,,
e64s_v3,esv3-type3,1,,,
e2s_v3,esv3-type4,32,,,
e4s_v3,esv3-type4,21,,,
e8s_v3,esv3-type4,10,,,
e16s_v3,esv3-type4,5,,,
e20s_v3,esv3-type4,4,,,
e32s_v3,esv3-type4,2,,,
e48s_v3,esv3-type4,1,,,
e64s_v3,esv3-type4,1,,,
m32ls,ms-type1,4,,,
m32ts,ms-type1,4,,,
m64,ms-type1,2,,,
m64s,ms-type1,2,,,
m64ls,ms-type1,2,,,
m128,ms-type1,1,,,
m128s,ms-type1,1,,,
m8ms,msm-type1,16,,,
m8-2ms,msm-type1,16,,,
m8-4ms,msm-type1,16,,,
m16ms,msm-type1,8,,,
m16-4ms,msm-type1,8,,,
m16-8ms,msm-type1,8,,,
m32ts,msm-type1,4,,,
m32ls,msm-type1,4,,,
m32ms,msm-type1,4,,,
m32-8ms,msm-type1,4,,,
m32-16ms,msm-type1,4,,,
m64ms,msm-type1,2,,,
m64,msm-type1,2,,,
m64s,msm-type1,2,,,
m64m,msm-type1,2,,,
m64ls,msm-type1,2,,,
m64-16ms,msm-type1,2,,,
m64-32ms,msm-type1,2,,,
m128ms,msm-type1,1,,,
m128s,msm-type1,1,,,
m128m,msm-type1,1,,,
m128,msm-type1,1,,,
m128-32ms,msm-type1,1,,,
m128-64ms,msm-type1,1,,,
m32dms_v2,mdmsv2medmem-type1,4,,,
m64ds_v2,mdmsv2medmem-type1,2,,,
m64dms_v2,mdmsv2medmem-type1,2,,,
m128ds_v2,mdmsv2medmem-type1,1,,,
m128dms_v2,mdmsv2medmem-type1,1,,,
m32dms_v2,mdsv2medmem-type1,2,,,
m64ds_v2,mdsv2medmem-type1,2,,,
m64dms_v2,mdsv2medmem-type1,1,,,
m128ds_v2,mdsv2medmem-type1,1,,,
m32ms_v2,mmsv2medmem-type1,4,,,
m64s_v2,mmsv2medmem-type1,3,,,
m64ms_v2,mmsv2medmem-type1,2,,,
m128ms_v2,mmsv2medmem-type1,1,,,
m128s_v2,mmsv2medmem-type1,1,,,
m32ms_v2,msv2medmem-type1,2,,,
m64s_v2,msv2medmem-type1,2,,,
m64ms_v2,msv2medmem-type1,1,,,
m128s_v2,msv2medmem-type1,1,,,
m208ms_v2,msmv2-type1,2,,,
m208s_v2,msmv2-type1,2,,,
m416-208ms_v2,msmv2-type1,1,,,
m416-208s_v2,msmv2-type1,1,,,
m416ms_v2,msmv2-type1,1,,,
m416s-8_v2,msmv2-type1,1,,,
m416s_v2,msmv2-type1,1,,,
m208ms_v2,msv2-type1,2,,,
m208s_v2,msv2-type1,1,,,
m416-208s_v2,msv2-type1,1,,,
m416s_v2,msv2-type1,1,,,
f2s_v2,fsv2-type2,32,,,
f4s_v2,fsv2-type2,18,,,
f8s_v2,fsv2-type2,9,,,
f16s_v2,fsv2-type2,4,,,
f32s_v2,fsv2-type2,2,,,
f48s_v2,fsv2-type2,1,,,
f64s_v2,fsv2-type2,1,,,
f72s_v2,fsv2-type2,1,,,
f2s_v2,fsv2-type3,32,,,
f4s_v2,fsv2-type3,21,,,
f8s_v2,fsv2-type3,10,,,
f16s_v2,fsv2-type3,5,,,
f32s_v2,fsv2-type3,2,,,
f48s_v2,fsv2-type3,1,,,
f64s_v2,fsv2-type3,1,,,
f72s_v2,fsv2-type3,1,,,
f2s_v2,fsv2-type4,32,,,
f4s_v2,fsv2-type4,24,,,
f8s_v2,fsv2-type4,12,,,
f16s_v2,fsv2-type4,6,,,
f32s_v2,fsv2-type4,3,,,
f48s_v2,fsv2-type4,2,,,
f64s_v2,fsv2-type4,1,,,
f72s_v2,fsv2-type4,1,,,
fx4mds,fxmds-type1,12,,,
fx12mds,fxmds-type1,4,,,
fx24mds,fxmds-type1,2,,,
fx36mds,fxmds-type1,1,,,
fx48mds,fxmds-type1,1,,,
nv4as_v4,nvasv4-type1,30,,,
nv8as_v4,nvasv4-type1,15,,,
nv16as_v4,nvasv4-type1,7,,,
nv32as_v4,nvasv4-type1,3,,,
nv12s_v3,nvsv3-type1,4,,,
nv24s_v3,nvsv3-type1,2,,,
nv48s_v3,nvsv3-type1,1,,,
l8as_v3,lasv3-type1,10,,,
l16as_v3,lasv3-type1,5,,,
l32as_v3,lasv3-type1,2,,,
l48as_v3,lasv3-type1,1,,,
l64as_v3,lasv3-type1,1,,,
l80as_v3,lasv3-type1,1,,,
l8s_v3,lsv3-type1,10,,,
l16s_v3,lsv3-type1,5,,,
l32s_v3,lsv3-type1,2,,,
l48s_v3,lsv3-type1,1,,,
l64s_v3,lsv3-type1,1,,,
l80s_v3,lsv3-type1,1,,,
l8s_v2,lsv2-type1,10,,,
l16s_v2,lsv2-type1,5,,,
l32s_v2,lsv2-type1,2,,,
l48s_v2,lsv2-type1,1,,,
l64s_v2,lsv2-type1,1,,,
l80s_v2,lsv2-type1,1,,,
d2ds_v6,ddsv6-type1,32,,,
d4ds_v6,ddsv6-type1,32,,,
d8ds_v6,ddsv6-type1,25,,,
d16ds_v6,ddsv6-type1,12,,,
d32ds_v6,ddsv6-type1,6,,,
d48ds_v6,ddsv6-type1,4,,,
d64ds_v6,ddsv6-type1,3,,,
d96ds_v6,ddsv6-type1,2,,,
d128ds_v6,ddsv6-type1,1,,,
d192ds_v6,ddsv6-type1,1,,,
d2s_v6,dsv6-type1,32,,,
d4s_v6,dsv6-type1,32,,,
d8s_v6,dsv6-type1,25,,,
d16s_v6,dsv6-type1,12,,,
d32s_v6,dsv6-type1,6,,,
d48s_v6,dsv6-type1,4,,,
d64s_v6,dsv6-type1,3,,,
d96s_v6,dsv6-type1,2,,,
d128s_v6,dsv6-type1,1,,,
d192s_v6,dsv6-type1,1,,,
d2as_v6,dasv6-type1,32,,,
d4as_v6,dasv6-type1,32,,,
d8as_v6,dasv6-type1,18,,,
d16as_v6,dasv6-type1,9,,,
d32as_v6,dasv6-type1,4,,,
d48as_v6,dasv6-type1,3,,,
d64as_v6,dasv6-type1,2,,,
d96as_v6,dasv6-type1,1,,,
d2ads_v5,dadsv5-type1,32,,,
d4ads_v5,dadsv5-type1,27,,,
d8ads_v5,dadsv5-type1,14,,,
d16ads_v5,dadsv5-type1,7,,,
d32ads_v5,dadsv5-type1,3,,,
d48ads_v5,dadsv5-type1,2,,,
d64ads_v5,dadsv5-type1,1,,,
d96ads_v5,dadsv5-type1,1,,,
d2as_v5,dasv5-type1,32,,,
d4as_v5,dasv5-type1,28,,,
d8as_v5,dasv5-type1,14,,,
d16as_v5,dasv5-type1,7,,,
d32as_v5,dasv5-type1,3,,,
d48as_v5,dasv5-type1,2,,,
d64as_v5,dasv5-type1,1,,,
d96as_v5,dasv5-type1,1,,,
d2as_v4,dasv4-type1,32,,,
d4as_v4,dasv4-type1,24,,,
d8as_v4,dasv4-type1,12,,,
d16as_v4,dasv4-type1,6,,,
d32as_v4,dasv4-type1,3,,,
d48as_v4,dasv4-type1,2,,,
d64as_v4,dasv4-type1,1,,,
d96as_v4,dasv4-type1,1,,,
d2as_v4,dasv4-type2,32,,,
d4as_v4,dasv4-type2,25,,,
d8as_v4,dasv4-type2,12,,,
d16as_v4,dasv4-type2,6,,,
d32as_v4,dasv4-type2,3,,,
d48as_v4,dasv4-type2,2,,,
d64as_v4,dasv4-type2,1,,,
d96as_v4,dasv4-type2,1,,,
dc2ads_v5,dcadsv5-type1,32,,,
dc4ads_v5,dcadsv5-type1,27,,,
dc8ads_v5,dcadsv5-type1,14,,,
dc16ads_v5,dcadsv5-type1,7,,,
dc32ads_v5,dcadsv5-type1,3,,,
dc48ads_v5,dcadsv5-type1,2,,,
dc64ads_v5,dcadsv5-type1,1,,,
dc96ads_v5,dcadsv5-type1,1,,,
dc2as_v5,dcasv5-type1,32,,,
dc4as_v5,dcasv5-type1,28,,,
dc8as_v5,dcasv5-type1,14,,,
dc16as_v5,dcasv5-type1,7,,,
dc32as_v5,dcasv5-type1,3,,,
dc48as_v5,dcasv5-type1,2,,,
dc64as_v5,dcasv5-type1,1,,,
dc96as_v5,dcasv5-type1,1,,,
dc1s_v3,dcsv3-type1,32,,,
dc2s_v3,dcsv3-type1,24,,,
dc4s_v3,dcsv3-type1,12,,,
dc8s_v3,dcsv3-type1,6,,,
dc16s_v3,dcsv3-type1,3,,,
dc24s_v3,dcsv3-type1,2,,,
dc16ds_v3,dcdsv3-type1,2,,,
dc24ds_v3,dcdsv3-type1,1,,,
dc32ds_v3,dcdsv3-type1,1,,,
dc48ds_v3,dcdsv3-type1,1,,,
dc8_v2,dcsv2-type1,1,,,
d2ds_v5,ddsv5-type1,32,,,
d4ds_v5,ddsv5-type1,22,,,
d8ds_v5,ddsv5-type1,11,,,
d16ds_v5,ddsv5-type1,5,,,
d32ds_v5,ddsv5-type1,2,,,
d48ds_v5,ddsv5-type1,1,,,
d64ds_v5,ddsv5-type1,1,,,
d96ds_v5,ddsv5-type1,1,,,
d2ds_v4,ddsv4-type1,32,,,
d4ds_v4,ddsv4-type1,17,,,
d8ds_v4,ddsv4-type1,8,,,
d16ds_v4,ddsv4-type1,4,,,
d32ds_v4,ddsv4-type1,2,,,
d48ds_v4,ddsv4-type1,1,,,
d64ds_v4,ddsv4-type1,1,,,
d2ds_v4,ddsv4-type2,32,,,
d4ds_v4,ddsv4-type2,19,,,
d8ds_v4,ddsv4-type2,9,,,
d16ds_v4,ddsv4-type2,4,,,
d32ds_v4,ddsv4-type2,2,,,
d48ds_v4,ddsv4-type2,1,,,
d64ds_v4,ddsv4-type2,1,,,
d2s_v5,dsv5-type1,32,,,
d4s_v5,dsv5-type1,25,,,
d8s_v5,dsv5-type1,12,,,
d16s_v5,dsv5-type1,6,,,
d32s_v5,dsv5-type1,3,,,
d48s_v5,dsv5-type1,2,,,
d64s_v5,dsv5-type1,1,,,
d96s_v5,dsv5-type1,1,,,
d2s_v4,dsv4-type1,32,,,
d4s_v4,dsv4-type1,20,,,
d8s_v4,dsv4-type1,10,,,
d16s_v4,dsv4-type1,5,,,
d32s_v4,dsv4-type1,2,,,
d48s_v4,dsv4-type1,1,,,
d64s_v4,dsv4-type1,1,,,
d2s_v4,dsv4-type2,32,,,
d4s_v4,dsv4-type2,25,,,
d8s_v4,dsv4-type2,12,,,
d16s_v4,dsv4-type2,6,,,
d32s_v4,dsv4-type2,3,,,
d48s_v4,dsv4-type2,2,,,
d64s_v4,dsv4-type2,1,,,
d2s_v3,dsv3-type1,32,,,
d4s_v3,dsv3-type1,17,,,
d8s_v3,dsv3-type1,8,,,
d16s_v3,dsv3-type1,4,,,
d32s_v3,dsv3-type1,2,,,
d48s_v3,dsv3-type1,1,,,
d64s_v3,dsv3-type1,1,,,
d2s_v3,dsv3-type2,32,,,
d4s_v3,dsv3-type2,20,,,
d8s_v3,dsv3-type2,10,,,
d16s_v3,dsv3-type2,5,,,
d32s_v3,dsv3-type2,2,,,
d48s_v3,dsv3-type2,1,,,
d64s_v3,dsv3-type2,1,,,
d2s_v3,dsv3-type3,32,,,
d4s_v3,dsv3-type3,21,,,
d8s_v3,dsv3-type3,10,,,
d16s_v3,dsv3-type3,5,,,
d32s_v3,dsv3-type3,2,,,
d48s_v3,dsv3-type3,1,,,
d64s_v3,dsv3-type3,1,,,
d2s_v3,dsv3-type4,32,,,
d4s_v3,dsv3-type4,24,,,
d8s_v3,dsv3-type4,12,,,
d16s_v3,dsv3-type4,6,,,
d32s_v3,dsv3-type4,3,,,
d48s_v3,dsv3-type4,2,,,
d64s_v3,dsv3-type4,1,,,
